"",BBK01.WT3301,BBK01.WT3301_FLAGS
"",Term structure of interest rates on Pfandbriefe(method by Svensson) / Parameter Beta0 / daily data,
unit,,
unit multiplier,one,
last update,2015-03-02 08:59:24,
2004-01-01,.,No value available
2004-01-02,.,No value available
2004-01-03,.,No value available
2004-01-04,.,No value available
2004-01-05,.,No value available
2004-01-06,.,No value available
2004-01-07,6.02174,
2004-01-08,6.05964,
2004-01-09,6.07588,
2004-01-10,.,No value available
2004-01-11,.,No value available
2004-01-12,6.13058,
2004-01-13,6.11638,
2004-01-14,6.08375,
2004-01-15,6.08328,
2004-01-16,6.10475,
2004-01-17,.,No value available
2004-01-18,.,No value available
2004-01-19,6.16661,
2004-01-20,6.18164,
2004-01-21,6.13180,
2004-01-22,6.16126,
2004-01-23,6.17247,
2004-01-24,.,No value available
2004-01-25,.,No value available
2004-01-26,6.16315,
2004-01-27,5.99699,
2004-01-28,6.19878,
2004-01-29,6.27397,
2004-01-30,6.22287,
2004-01-31,.,No value available
2004-02-01,.,No value available
2004-02-02,6.23683,
2004-02-03,6.24034,
2004-02-04,6.21796,
2004-02-05,6.22982,
2004-02-06,6.19800,
2004-02-07,.,No value available
2004-02-08,.,No value available
2004-02-09,6.30724,
2004-02-10,6.32907,
2004-02-11,6.27667,
2004-02-12,6.32844,
2004-02-13,6.36001,
2004-02-14,.,No value available
2004-02-15,.,No value available
2004-02-16,6.35994,
2004-02-17,6.41342,
2004-02-18,6.38816,
2004-02-19,6.27075,
2004-02-20,5.95183,
2004-02-21,.,No value available
2004-02-22,.,No value available
2004-02-23,6.12857,
2004-02-24,5.92934,
2004-02-25,5.77598,
2004-02-26,5.72385,
2004-02-27,5.73694,
2004-02-28,.,No value available
2004-02-29,.,No value available
2004-03-01,5.65969,
2004-03-02,5.66183,
2004-03-03,5.68229,
2004-03-04,5.82532,
2004-03-05,5.84096,
2004-03-06,.,No value available
2004-03-07,.,No value available
2004-03-08,6.16109,
2004-03-09,6.21315,
2004-03-10,6.20178,
2004-03-11,6.19509,
2004-03-12,6.21001,
2004-03-13,.,No value available
2004-03-14,.,No value available
2004-03-15,6.23548,
2004-03-16,6.25974,
2004-03-17,6.28410,
2004-03-18,6.30637,
2004-03-19,6.28498,
2004-03-20,.,No value available
2004-03-21,.,No value available
2004-03-22,5.97019,
2004-03-23,6.32708,
2004-03-24,6.29141,
2004-03-25,6.34953,
2004-03-26,6.33928,
2004-03-27,.,No value available
2004-03-28,.,No value available
2004-03-29,6.16392,
2004-03-30,6.19841,
2004-03-31,6.20317,
2004-04-01,6.19821,
2004-04-02,6.11538,
2004-04-03,.,No value available
2004-04-04,.,No value available
2004-04-05,6.06714,
2004-04-06,6.09456,
2004-04-07,6.16267,
2004-04-08,6.19985,
2004-04-09,.,No value available
2004-04-10,.,No value available
2004-04-11,.,No value available
2004-04-12,.,No value available
2004-04-13,6.11232,
2004-04-14,6.10899,
2004-04-15,6.08737,
2004-04-16,6.08860,
2004-04-17,.,No value available
2004-04-18,.,No value available
2004-04-19,6.07786,
2004-04-20,6.07047,
2004-04-21,5.89129,
2004-04-22,5.96318,
2004-04-23,5.95203,
2004-04-24,.,No value available
2004-04-25,.,No value available
2004-04-26,5.96580,
2004-04-27,5.96114,
2004-04-28,6.07566,
2004-04-29,6.05403,
2004-04-30,6.10892,
2004-05-01,.,No value available
2004-05-02,.,No value available
2004-05-03,6.13467,
2004-05-04,6.17741,
2004-05-05,6.23979,
2004-05-06,6.34575,
2004-05-07,6.31515,
2004-05-08,.,No value available
2004-05-09,.,No value available
2004-05-10,6.22191,
2004-05-11,6.25020,
2004-05-12,6.24727,
2004-05-13,6.26255,
2004-05-14,6.24704,
2004-05-15,.,No value available
2004-05-16,.,No value available
2004-05-17,6.30978,
2004-05-18,6.29851,
2004-05-19,6.26698,
2004-05-20,6.22731,
2004-05-21,6.27101,
2004-05-22,.,No value available
2004-05-23,.,No value available
2004-05-24,6.27055,
2004-05-25,6.26212,
2004-05-26,6.27381,
2004-05-27,6.25684,
2004-05-28,6.30369,
2004-05-29,.,No value available
2004-05-30,.,No value available
2004-05-31,6.23407,
2004-06-01,6.22830,
2004-06-02,6.17533,
2004-06-03,6.18816,
2004-06-04,6.22841,
2004-06-05,.,No value available
2004-06-06,.,No value available
2004-06-07,6.26021,
2004-06-08,6.24825,
2004-06-09,6.21517,
2004-06-10,6.21065,
2004-06-11,6.12843,
2004-06-12,.,No value available
2004-06-13,.,No value available
2004-06-14,6.12113,
2004-06-15,6.13093,
2004-06-16,6.22337,
2004-06-17,6.14749,
2004-06-18,6.15922,
2004-06-19,.,No value available
2004-06-20,.,No value available
2004-06-21,6.09709,
2004-06-22,6.13660,
2004-06-23,6.15677,
2004-06-24,6.16145,
2004-06-25,6.21346,
2004-06-26,.,No value available
2004-06-27,.,No value available
2004-06-28,6.14744,
2004-06-29,6.11317,
2004-06-30,5.31700,
2004-07-01,5.25275,
2004-07-02,5.23527,
2004-07-03,.,No value available
2004-07-04,.,No value available
2004-07-05,6.17409,
2004-07-06,6.21297,
2004-07-07,6.22755,
2004-07-08,6.23084,
2004-07-09,6.25881,
2004-07-10,.,No value available
2004-07-11,.,No value available
2004-07-12,6.26786,
2004-07-13,6.24143,
2004-07-14,6.19949,
2004-07-15,6.22338,
2004-07-16,6.22338,
2004-07-17,.,No value available
2004-07-18,.,No value available
2004-07-19,6.22338,
2004-07-20,6.26064,
2004-07-21,6.19671,
2004-07-22,6.19251,
2004-07-23,6.21052,
2004-07-24,.,No value available
2004-07-25,.,No value available
2004-07-26,6.21052,
2004-07-27,6.21052,
2004-07-28,6.12034,
2004-07-29,6.13211,
2004-07-30,6.15981,
2004-07-31,.,No value available
2004-08-01,.,No value available
2004-08-02,6.19875,
2004-08-03,6.24395,
2004-08-04,6.25272,
2004-08-05,6.26764,
2004-08-06,6.25386,
2004-08-07,.,No value available
2004-08-08,.,No value available
2004-08-09,6.29394,
2004-08-10,6.35263,
2004-08-11,6.32453,
2004-08-12,6.30325,
2004-08-13,6.29952,
2004-08-14,.,No value available
2004-08-15,.,No value available
2004-08-16,6.23209,
2004-08-17,6.17822,
2004-08-18,6.18928,
2004-08-19,6.21053,
2004-08-20,6.23696,
2004-08-21,.,No value available
2004-08-22,.,No value available
2004-08-23,6.29382,
2004-08-24,6.18071,
2004-08-25,6.22971,
2004-08-26,6.22359,
2004-08-27,6.25076,
2004-08-28,.,No value available
2004-08-29,.,No value available
2004-08-30,6.24654,
2004-08-31,6.19533,
2004-09-01,6.22822,
2004-09-02,6.21656,
2004-09-03,6.18988,
2004-09-04,.,No value available
2004-09-05,.,No value available
2004-09-06,6.11747,
2004-09-07,6.03449,
2004-09-08,6.04529,
2004-09-09,6.10525,
2004-09-10,6.14036,
2004-09-11,.,No value available
2004-09-12,.,No value available
2004-09-13,6.14321,
2004-09-14,6.11891,
2004-09-15,6.15980,
2004-09-16,6.13099,
2004-09-17,6.22301,
2004-09-18,.,No value available
2004-09-19,.,No value available
2004-09-20,6.16042,
2004-09-21,6.16290,
2004-09-22,6.34730,
2004-09-23,6.34113,
2004-09-24,6.35587,
2004-09-25,.,No value available
2004-09-26,.,No value available
2004-09-27,6.25538,
2004-09-28,6.31054,
2004-09-29,6.28140,
2004-09-30,6.18207,
2004-10-01,6.32688,
2004-10-02,.,No value available
2004-10-03,.,No value available
2004-10-04,6.17791,
2004-10-05,6.20983,
2004-10-06,6.24805,
2004-10-07,6.18232,
2004-10-08,6.27404,
2004-10-09,.,No value available
2004-10-10,.,No value available
2004-10-11,6.34285,
2004-10-12,6.36762,
2004-10-13,6.31089,
2004-10-14,6.41520,
2004-10-15,6.46820,
2004-10-16,.,No value available
2004-10-17,.,No value available
2004-10-18,6.37916,
2004-10-19,6.41893,
2004-10-20,6.47921,
2004-10-21,6.44443,
2004-10-22,6.44499,
2004-10-23,.,No value available
2004-10-24,.,No value available
2004-10-25,6.75252,
2004-10-26,5.43797,
2004-10-27,5.39077,
2004-10-28,5.39019,
2004-10-29,6.55014,
2004-10-30,.,No value available
2004-10-31,.,No value available
2004-11-01,6.54152,
2004-11-02,6.50478,
2004-11-03,6.46272,
2004-11-04,6.42436,
2004-11-05,6.53424,
2004-11-06,.,No value available
2004-11-07,.,No value available
2004-11-08,6.44546,
2004-11-09,6.47201,
2004-11-10,6.48499,
2004-11-11,6.47948,
2004-11-12,6.63128,
2004-11-13,.,No value available
2004-11-14,.,No value available
2004-11-15,6.69604,
2004-11-16,6.72192,
2004-11-17,6.62153,
2004-11-18,6.61066,
2004-11-19,6.53413,
2004-11-20,.,No value available
2004-11-21,.,No value available
2004-11-22,6.49765,
2004-11-23,6.53852,
2004-11-24,6.58189,
2004-11-25,6.50622,
2004-11-26,6.55422,
2004-11-27,.,No value available
2004-11-28,.,No value available
2004-11-29,6.52569,
2004-11-30,6.53038,
2004-12-01,6.67044,
2004-12-02,6.65085,
2004-12-03,6.55667,
2004-12-04,.,No value available
2004-12-05,.,No value available
2004-12-06,6.70269,
2004-12-07,6.99300,
2004-12-08,6.88984,
2004-12-09,7.10240,
2004-12-10,7.28016,
2004-12-11,.,No value available
2004-12-12,.,No value available
2004-12-13,7.31627,
2004-12-14,7.31055,
2004-12-15,7.58088,
2004-12-16,7.79379,
2004-12-17,7.23073,
2004-12-18,.,No value available
2004-12-19,.,No value available
2004-12-20,7.14005,
2004-12-21,7.23022,
2004-12-22,7.01147,
2004-12-23,6.98969,
2004-12-24,.,No value available
2004-12-25,.,No value available
2004-12-26,.,No value available
2004-12-27,7.40780,
2004-12-28,7.21728,
2004-12-29,8.25933,
2004-12-30,8.27358,
2004-12-31,.,No value available
2005-01-01,.,No value available
2005-01-02,.,No value available
2005-01-03,8.27360,
2005-01-04,8.27362,
2005-01-05,8.27364,
2005-01-06,7.65085,
2005-01-07,8.26151,
2005-01-08,.,No value available
2005-01-09,.,No value available
2005-01-10,8.26153,
2005-01-11,8.26155,
2005-01-12,8.26157,
2005-01-13,8.26163,
2005-01-14,8.26165,
2005-01-15,.,No value available
2005-01-16,.,No value available
2005-01-17,8.26438,
2005-01-18,8.26440,
2005-01-19,8.26442,
2005-01-20,8.26449,
2005-01-21,8.26451,
2005-01-22,.,No value available
2005-01-23,.,No value available
2005-01-24,8.26724,
2005-01-25,8.26726,
2005-01-26,8.26729,
2005-01-27,8.26735,
2005-01-28,8.27009,
2005-01-29,.,No value available
2005-01-30,.,No value available
2005-01-31,8.27011,
2005-02-01,8.27014,
2005-02-02,8.27016,
2005-02-03,8.27023,
2005-02-04,8.27025,
2005-02-05,.,No value available
2005-02-06,.,No value available
2005-02-07,8.27436,
2005-02-08,8.27438,
2005-02-09,8.27440,
2005-02-10,8.27448,
2005-02-11,8.27450,
2005-02-12,.,No value available
2005-02-13,.,No value available
2005-02-14,7.98517,
2005-02-15,7.98516,
2005-02-16,7.98516,
2005-02-17,7.98513,
2005-02-18,7.98512,
2005-02-19,.,No value available
2005-02-20,.,No value available
2005-02-21,7.98511,
2005-02-22,7.98510,
2005-02-23,7.98509,
2005-02-24,7.98507,
2005-02-25,7.98506,
2005-02-26,.,No value available
2005-02-27,.,No value available
2005-02-28,7.98505,
2005-03-01,7.98505,
2005-03-02,8.08315,
2005-03-03,8.08314,
2005-03-04,8.08314,
2005-03-05,.,No value available
2005-03-06,.,No value available
2005-03-07,5.72752,
2005-03-08,2.45346,
2005-03-09,6.56404,
2005-03-10,6.26347,
2005-03-11,6.22508,
2005-03-12,.,No value available
2005-03-13,.,No value available
2005-03-14,6.33591,
2005-03-15,6.37520,
2005-03-16,6.52822,
2005-03-17,6.54133,
2005-03-18,6.44757,
2005-03-19,.,No value available
2005-03-20,.,No value available
2005-03-21,6.46105,
2005-03-22,6.33130,
2005-03-23,6.28025,
2005-03-24,6.16172,
2005-03-25,.,No value available
2005-03-26,.,No value available
2005-03-27,.,No value available
2005-03-28,.,No value available
2005-03-29,6.06644,
2005-03-30,6.07943,
2005-03-31,6.33345,
2005-04-01,6.60082,
2005-04-02,.,No value available
2005-04-03,.,No value available
2005-04-04,6.66091,
2005-04-05,6.76251,
2005-04-06,6.82892,
2005-04-07,6.87217,
2005-04-08,7.00488,
2005-04-09,.,No value available
2005-04-10,.,No value available
2005-04-11,7.09306,
2005-04-12,7.25866,
2005-04-13,7.40503,
2005-04-14,7.40370,
2005-04-15,7.39041,
2005-04-16,.,No value available
2005-04-17,.,No value available
2005-04-18,8.05343,
2005-04-19,7.83738,
2005-04-20,8.05343,
2005-04-21,7.93314,
2005-04-22,7.81705,
2005-04-23,.,No value available
2005-04-24,.,No value available
2005-04-25,7.94133,
2005-04-26,8.00432,
2005-04-27,7.97694,
2005-04-28,8.00432,
2005-04-29,8.00497,
2005-04-30,.,No value available
2005-05-01,.,No value available
2005-05-02,7.57555,
2005-05-03,7.51325,
2005-05-04,7.20264,
2005-05-05,7.61885,
2005-05-06,7.53437,
2005-05-07,.,No value available
2005-05-08,.,No value available
2005-05-09,7.18062,
2005-05-10,7.97185,
2005-05-11,7.95354,
2005-05-12,7.97185,
2005-05-13,7.97185,
2005-05-14,.,No value available
2005-05-15,.,No value available
2005-05-16,7.97185,
2005-05-17,7.57954,
2005-05-18,7.54179,
2005-05-19,7.97186,
2005-05-20,7.97186,
2005-05-21,.,No value available
2005-05-22,.,No value available
2005-05-23,7.97186,
2005-05-24,7.95247,
2005-05-25,7.33452,
2005-05-26,7.56341,
2005-05-27,7.47996,
2005-05-28,.,No value available
2005-05-29,.,No value available
2005-05-30,7.26737,
2005-05-31,7.16684,
2005-06-01,7.68163,
2005-06-02,7.84404,
2005-06-03,7.84404,
2005-06-04,.,No value available
2005-06-05,.,No value available
2005-06-06,7.84404,
2005-06-07,7.84403,
2005-06-08,7.84403,
2005-06-09,7.84402,
2005-06-10,7.84402,
2005-06-11,.,No value available
2005-06-12,.,No value available
2005-06-13,7.82828,
2005-06-14,7.82828,
2005-06-15,7.82827,
2005-06-16,7.82827,
2005-06-17,6.88630,
2005-06-18,.,No value available
2005-06-19,.,No value available
2005-06-20,6.82838,
2005-06-21,6.94972,
2005-06-22,7.27872,
2005-06-23,7.32537,
2005-06-24,7.37303,
2005-06-25,.,No value available
2005-06-26,.,No value available
2005-06-27,7.35483,
2005-06-28,7.25887,
2005-06-29,7.18106,
2005-06-30,7.36121,
2005-07-01,7.49467,
2005-07-02,.,No value available
2005-07-03,.,No value available
2005-07-04,7.20601,
2005-07-05,6.93437,
2005-07-06,6.84275,
2005-07-07,6.81147,
2005-07-08,7.87570,
2005-07-09,.,No value available
2005-07-10,.,No value available
2005-07-11,7.87570,
2005-07-12,7.87570,
2005-07-13,7.39047,
2005-07-14,7.51490,
2005-07-15,7.87572,
2005-07-16,.,No value available
2005-07-17,.,No value available
2005-07-18,7.87572,
2005-07-19,7.87573,
2005-07-20,7.87573,
2005-07-21,7.87574,
2005-07-22,7.87575,
2005-07-23,.,No value available
2005-07-24,.,No value available
2005-07-25,7.87575,
2005-07-26,7.76439,
2005-07-27,7.83287,
2005-07-28,7.73062,
2005-07-29,7.87578,
2005-07-30,.,No value available
2005-07-31,.,No value available
2005-08-01,6.60998,
2005-08-02,6.45106,
2005-08-03,6.34842,
2005-08-04,6.48427,
2005-08-05,7.64843,
2005-08-06,.,No value available
2005-08-07,.,No value available
2005-08-08,7.69747,
2005-08-09,7.62626,
2005-08-10,7.87549,
2005-08-11,7.87538,
2005-08-12,7.87535,
2005-08-13,.,No value available
2005-08-14,.,No value available
2005-08-15,7.87531,
2005-08-16,7.81719,
2005-08-17,7.87524,
2005-08-18,7.87513,
2005-08-19,7.87509,
2005-08-20,.,No value available
2005-08-21,.,No value available
2005-08-22,7.87506,
2005-08-23,7.87502,
2005-08-24,7.81900,
2005-08-25,7.81902,
2005-08-26,7.87485,
2005-08-27,.,No value available
2005-08-28,.,No value available
2005-08-29,7.87481,
2005-08-30,7.87478,
2005-08-31,7.20000,
2005-09-01,7.78295,
2005-09-02,7.89697,
2005-09-03,.,No value available
2005-09-04,.,No value available
2005-09-05,7.89694,
2005-09-06,7.59530,
2005-09-07,7.69674,
2005-09-08,7.51742,
2005-09-09,7.53136,
2005-09-10,.,No value available
2005-09-11,.,No value available
2005-09-12,7.89671,
2005-09-13,7.89668,
2005-09-14,7.89664,
2005-09-15,7.89655,
2005-09-16,7.89652,
2005-09-17,.,No value available
2005-09-18,.,No value available
2005-09-19,7.89648,
2005-09-20,7.89645,
2005-09-21,7.89642,
2005-09-22,7.89633,
2005-09-23,7.89630,
2005-09-24,.,No value available
2005-09-25,.,No value available
2005-09-26,7.89627,
2005-09-27,7.89623,
2005-09-28,7.89620,
2005-09-29,7.89611,
2005-09-30,7.89608,
2005-10-01,.,No value available
2005-10-02,.,No value available
2005-10-03,7.89605,
2005-10-04,7.89602,
2005-10-05,7.89599,
2005-10-06,7.89590,
2005-10-07,7.89587,
2005-10-08,.,No value available
2005-10-09,.,No value available
2005-10-10,6.46709,
2005-10-11,6.67926,
2005-10-12,6.90583,
2005-10-13,6.92764,
2005-10-14,6.32897,
2005-10-15,.,No value available
2005-10-16,.,No value available
2005-10-17,7.89564,
2005-10-18,7.89561,
2005-10-19,7.89558,
2005-10-20,7.89550,
2005-10-21,7.89547,
2005-10-22,.,No value available
2005-10-23,.,No value available
2005-10-24,7.82852,
2005-10-25,7.80955,
2005-10-26,7.80952,
2005-10-27,7.49783,
2005-10-28,7.57708,
2005-10-29,.,No value available
2005-10-30,.,No value available
2005-10-31,5.80134,
2005-11-01,5.70405,
2005-11-02,5.67074,
2005-11-03,5.44814,
2005-11-04,5.49887,
2005-11-05,.,No value available
2005-11-06,.,No value available
2005-11-07,5.46992,
2005-11-08,5.49502,
2005-11-09,5.26643,
2005-11-10,5.27670,
2005-11-11,5.18540,
2005-11-12,.,No value available
2005-11-13,.,No value available
2005-11-14,5.26135,
2005-11-15,5.20215,
2005-11-16,5.20002,
2005-11-17,5.28029,
2005-11-18,5.24989,
2005-11-19,.,No value available
2005-11-20,.,No value available
2005-11-21,5.07520,
2005-11-22,5.30564,
2005-11-23,5.54091,
2005-11-24,5.61798,
2005-11-25,5.49569,
2005-11-26,.,No value available
2005-11-27,.,No value available
2005-11-28,5.98315,
2005-11-29,6.07390,
2005-11-30,5.99737,
2005-12-01,5.97340,
2005-12-02,6.03582,
2005-12-03,.,No value available
2005-12-04,.,No value available
2005-12-05,6.14335,
2005-12-06,6.26880,
2005-12-07,6.10153,
2005-12-08,6.08581,
2005-12-09,6.15129,
2005-12-10,.,No value available
2005-12-11,.,No value available
2005-12-12,6.33630,
2005-12-13,6.32797,
2005-12-14,6.28794,
2005-12-15,5.97738,
2005-12-16,6.20329,
2005-12-17,.,No value available
2005-12-18,.,No value available
2005-12-19,6.25794,
2005-12-20,6.03714,
2005-12-21,6.20624,
2005-12-22,6.02483,
2005-12-23,6.03751,
2005-12-24,.,No value available
2005-12-25,.,No value available
2005-12-26,.,No value available
2005-12-27,5.99179,
2005-12-28,6.07308,
2005-12-29,6.00059,
2005-12-30,5.10521,
2005-12-31,.,No value available
2006-01-01,.,No value available
2006-01-02,5.89948,
2006-01-03,5.43791,
2006-01-04,5.50100,
2006-01-05,5.79029,
2006-01-06,5.83993,
2006-01-07,.,No value available
2006-01-08,.,No value available
2006-01-09,5.95327,
2006-01-10,6.15142,
2006-01-11,5.74880,
2006-01-12,5.71159,
2006-01-13,5.79528,
2006-01-14,.,No value available
2006-01-15,.,No value available
2006-01-16,6.02568,
2006-01-17,5.91762,
2006-01-18,5.93822,
2006-01-19,5.75877,
2006-01-20,5.73186,
2006-01-21,.,No value available
2006-01-22,.,No value available
2006-01-23,5.76594,
2006-01-24,5.81018,
2006-01-25,5.88847,
2006-01-26,5.60895,
2006-01-27,5.70630,
2006-01-28,.,No value available
2006-01-29,.,No value available
2006-01-30,5.66346,
2006-01-31,5.16500,
2006-02-01,5.11130,
2006-02-02,4.90158,
2006-02-03,4.88082,
2006-02-04,.,No value available
2006-02-05,.,No value available
2006-02-06,4.94790,
2006-02-07,4.94333,
2006-02-08,4.87931,
2006-02-09,4.96857,
2006-02-10,5.08689,
2006-02-11,.,No value available
2006-02-12,.,No value available
2006-02-13,5.08427,
2006-02-14,5.13495,
2006-02-15,5.88477,
2006-02-16,5.24432,
2006-02-17,5.47705,
2006-02-18,.,No value available
2006-02-19,.,No value available
2006-02-20,5.51349,
2006-02-21,6.30305,
2006-02-22,5.62388,
2006-02-23,5.60750,
2006-02-24,5.58140,
2006-02-25,.,No value available
2006-02-26,.,No value available
2006-02-27,5.35673,
2006-02-28,5.50147,
2006-03-01,5.42395,
2006-03-02,5.25818,
2006-03-03,5.48690,
2006-03-04,.,No value available
2006-03-05,.,No value available
2006-03-06,5.02736,
2006-03-07,5.13714,
2006-03-08,5.02340,
2006-03-09,4.79981,
2006-03-10,4.82684,
2006-03-11,.,No value available
2006-03-12,.,No value available
2006-03-13,4.85521,
2006-03-14,4.75310,
2006-03-15,4.79717,
2006-03-16,4.73771,
2006-03-17,4.73956,
2006-03-18,.,No value available
2006-03-19,.,No value available
2006-03-20,4.80840,
2006-03-21,4.80781,
2006-03-22,4.89893,
2006-03-23,4.86261,
2006-03-24,4.84040,
2006-03-25,.,No value available
2006-03-26,.,No value available
2006-03-27,4.87243,
2006-03-28,4.82865,
2006-03-29,4.73414,
2006-03-30,4.69340,
2006-03-31,4.69501,
2006-04-01,.,No value available
2006-04-02,.,No value available
2006-04-03,4.81939,
2006-04-04,4.78924,
2006-04-05,4.66945,
2006-04-06,4.67545,
2006-04-07,4.68959,
2006-04-08,.,No value available
2006-04-09,.,No value available
2006-04-10,4.68361,
2006-04-11,4.67795,
2006-04-12,4.68356,
2006-04-13,4.70156,
2006-04-14,.,No value available
2006-04-15,.,No value available
2006-04-16,.,No value available
2006-04-17,.,No value available
2006-04-18,4.78818,
2006-04-19,4.80491,
2006-04-20,4.79636,
2006-04-21,4.78513,
2006-04-22,.,No value available
2006-04-23,.,No value available
2006-04-24,4.79596,
2006-04-25,4.80006,
2006-04-26,4.78709,
2006-04-27,4.78321,
2006-04-28,4.76956,
2006-04-29,.,No value available
2006-04-30,.,No value available
2006-05-01,.,No value available
2006-05-02,4.74156,
2006-05-03,4.73524,
2006-05-04,4.74366,
2006-05-05,4.74910,
2006-05-06,.,No value available
2006-05-07,.,No value available
2006-05-08,4.72042,
2006-05-09,4.72170,
2006-05-10,4.73168,
2006-05-11,4.73947,
2006-05-12,4.73141,
2006-05-13,.,No value available
2006-05-14,.,No value available
2006-05-15,4.80451,
2006-05-16,4.78772,
2006-05-17,4.82627,
2006-05-18,4.84258,
2006-05-19,4.87009,
2006-05-20,.,No value available
2006-05-21,.,No value available
2006-05-22,4.84615,
2006-05-23,4.84342,
2006-05-24,4.87050,
2006-05-25,4.89919,
2006-05-26,4.88307,
2006-05-27,.,No value available
2006-05-28,.,No value available
2006-05-29,4.88656,
2006-05-30,4.91642,
2006-05-31,4.84540,
2006-06-01,4.78099,
2006-06-02,4.78578,
2006-06-03,.,No value available
2006-06-04,.,No value available
2006-06-05,4.78420,
2006-06-06,4.76945,
2006-06-07,4.75407,
2006-06-08,4.77345,
2006-06-09,4.77284,
2006-06-10,.,No value available
2006-06-11,.,No value available
2006-06-12,4.75040,
2006-06-13,4.84534,
2006-06-14,4.82215,
2006-06-15,4.83086,
2006-06-16,4.81532,
2006-06-17,.,No value available
2006-06-18,.,No value available
2006-06-19,4.77315,
2006-06-20,4.78130,
2006-06-21,4.75374,
2006-06-22,4.76164,
2006-06-23,4.75014,
2006-06-24,.,No value available
2006-06-25,.,No value available
2006-06-26,4.78834,
2006-06-27,4.77628,
2006-06-28,4.78373,
2006-06-29,4.78728,
2006-06-30,4.81580,
2006-07-01,.,No value available
2006-07-02,.,No value available
2006-07-03,4.77498,
2006-07-04,4.78383,
2006-07-05,4.78079,
2006-07-06,4.76953,
2006-07-07,4.76152,
2006-07-08,.,No value available
2006-07-09,.,No value available
2006-07-10,4.74676,
2006-07-11,4.75533,
2006-07-12,4.78050,
2006-07-13,4.77156,
2006-07-14,4.77153,
2006-07-15,.,No value available
2006-07-16,.,No value available
2006-07-17,4.73451,
2006-07-18,4.72243,
2006-07-19,4.73433,
2006-07-20,4.75233,
2006-07-21,4.76288,
2006-07-22,.,No value available
2006-07-23,.,No value available
2006-07-24,4.79917,
2006-07-25,4.77397,
2006-07-26,4.80010,
2006-07-27,4.77804,
2006-07-28,4.77194,
2006-07-29,.,No value available
2006-07-30,.,No value available
2006-07-31,4.79422,
2006-08-01,4.75701,
2006-08-02,4.76186,
2006-08-03,4.72682,
2006-08-04,4.73501,
2006-08-05,.,No value available
2006-08-06,.,No value available
2006-08-07,4.69800,
2006-08-08,4.69406,
2006-08-09,4.69294,
2006-08-10,4.70954,
2006-08-11,4.66957,
2006-08-12,.,No value available
2006-08-13,.,No value available
2006-08-14,4.70491,
2006-08-15,4.67110,
2006-08-16,4.68484,
2006-08-17,4.68018,
2006-08-18,4.71797,
2006-08-19,.,No value available
2006-08-20,.,No value available
2006-08-21,4.67697,
2006-08-22,4.70130,
2006-08-23,4.67355,
2006-08-24,4.65661,
2006-08-25,4.69416,
2006-08-26,.,No value available
2006-08-27,.,No value available
2006-08-28,4.69431,
2006-08-29,4.69177,
2006-08-30,4.65474,
2006-08-31,4.70726,
2006-09-01,4.69288,
2006-09-02,.,No value available
2006-09-03,.,No value available
2006-09-04,4.70364,
2006-09-05,4.69322,
2006-09-06,4.68764,
2006-09-07,4.62397,
2006-09-08,4.64043,
2006-09-09,.,No value available
2006-09-10,.,No value available
2006-09-11,4.63500,
2006-09-12,4.66778,
2006-09-13,4.65280,
2006-09-14,4.63353,
2006-09-15,4.60257,
2006-09-16,.,No value available
2006-09-17,.,No value available
2006-09-18,4.59842,
2006-09-19,4.59133,
2006-09-20,4.59468,
2006-09-21,4.60481,
2006-09-22,4.61677,
2006-09-23,.,No value available
2006-09-24,.,No value available
2006-09-25,4.64834,
2006-09-26,4.65773,
2006-09-27,4.56457,
2006-09-28,4.50311,
2006-09-29,4.60072,
2006-09-30,.,No value available
2006-10-01,.,No value available
2006-10-02,4.50932,
2006-10-03,4.50991,
2006-10-04,4.50815,
2006-10-05,4.51856,
2006-10-06,4.51848,
2006-10-07,.,No value available
2006-10-08,.,No value available
2006-10-09,4.54492,
2006-10-10,4.56199,
2006-10-11,4.52819,
2006-10-12,4.52017,
2006-10-13,4.50862,
2006-10-14,.,No value available
2006-10-15,.,No value available
2006-10-16,4.49283,
2006-10-17,4.48266,
2006-10-18,4.48779,
2006-10-19,4.48633,
2006-10-20,4.48048,
2006-10-21,.,No value available
2006-10-22,.,No value available
2006-10-23,4.49759,
2006-10-24,4.48833,
2006-10-25,4.49635,
2006-10-26,4.48590,
2006-10-27,4.51296,
2006-10-28,.,No value available
2006-10-29,.,No value available
2006-10-30,4.53431,
2006-10-31,4.50684,
2006-11-01,4.46393,
2006-11-02,4.42858,
2006-11-03,4.45498,
2006-11-04,.,No value available
2006-11-05,.,No value available
2006-11-06,4.42722,
2006-11-07,4.44857,
2006-11-08,4.46933,
2006-11-09,4.48377,
2006-11-10,4.48493,
2006-11-11,.,No value available
2006-11-12,.,No value available
2006-11-13,4.45828,
2006-11-14,4.44929,
2006-11-15,4.46856,
2006-11-16,4.47090,
2006-11-17,4.44528,
2006-11-18,.,No value available
2006-11-19,.,No value available
2006-11-20,4.40966,
2006-11-21,4.36623,
2006-11-22,4.38909,
2006-11-23,4.40558,
2006-11-24,4.41830,
2006-11-25,.,No value available
2006-11-26,.,No value available
2006-11-27,4.38518,
2006-11-28,4.39102,
2006-11-29,4.38313,
2006-11-30,4.41149,
2006-12-01,4.37357,
2006-12-02,.,No value available
2006-12-03,.,No value available
2006-12-04,4.33783,
2006-12-05,4.34330,
2006-12-06,4.37367,
2006-12-07,4.36811,
2006-12-08,4.34809,
2006-12-09,.,No value available
2006-12-10,.,No value available
2006-12-11,4.34191,
2006-12-12,4.34394,
2006-12-13,4.33619,
2006-12-14,4.36419,
2006-12-15,4.30395,
2006-12-16,.,No value available
2006-12-17,.,No value available
2006-12-18,4.37123,
2006-12-19,4.39571,
2006-12-20,4.41720,
2006-12-21,4.42523,
2006-12-22,4.41864,
2006-12-23,.,No value available
2006-12-24,.,No value available
2006-12-25,.,No value available
2006-12-26,.,No value available
2006-12-27,4.44320,
2006-12-28,4.47024,
2006-12-29,4.40520,
2006-12-30,.,No value available
2006-12-31,.,No value available
2007-01-01,.,No value available
2007-01-02,4.61499,
2007-01-03,4.56698,
2007-01-04,4.58664,
2007-01-05,4.55824,
2007-01-06,.,No value available
2007-01-07,.,No value available
2007-01-08,4.57823,
2007-01-09,4.59247,
2007-01-10,4.60832,
2007-01-11,4.63751,
2007-01-12,4.62430,
2007-01-13,.,No value available
2007-01-14,.,No value available
2007-01-15,4.64119,
2007-01-16,4.66006,
2007-01-17,4.66100,
2007-01-18,4.64784,
2007-01-19,4.67351,
2007-01-20,.,No value available
2007-01-21,.,No value available
2007-01-22,4.64274,
2007-01-23,4.65409,
2007-01-24,4.62212,
2007-01-25,4.63309,
2007-01-26,4.65883,
2007-01-27,.,No value available
2007-01-28,.,No value available
2007-01-29,4.65934,
2007-01-30,4.72850,
2007-01-31,4.73103,
2007-02-01,4.68986,
2007-02-02,4.69595,
2007-02-03,.,No value available
2007-02-04,.,No value available
2007-02-05,4.71008,
2007-02-06,4.70480,
2007-02-07,4.68713,
2007-02-08,4.66890,
2007-02-09,4.69962,
2007-02-10,.,No value available
2007-02-11,.,No value available
2007-02-12,4.66554,
2007-02-13,4.69606,
2007-02-14,4.68054,
2007-02-15,4.68195,
2007-02-16,4.68257,
2007-02-17,.,No value available
2007-02-18,.,No value available
2007-02-19,4.67607,
2007-02-20,4.62031,
2007-02-21,4.64987,
2007-02-22,4.65195,
2007-02-23,4.62547,
2007-02-24,.,No value available
2007-02-25,.,No value available
2007-02-26,4.63989,
2007-02-27,4.61349,
2007-02-28,4.57860,
2007-03-01,4.59757,
2007-03-02,4.60468,
2007-03-03,.,No value available
2007-03-04,.,No value available
2007-03-05,8.30893,
2007-03-06,8.29103,
2007-03-07,8.29104,
2007-03-08,8.29106,
2007-03-09,4.66801,
2007-03-10,.,No value available
2007-03-11,.,No value available
2007-03-12,4.62731,
2007-03-13,4.63666,
2007-03-14,4.64885,
2007-03-15,4.63494,
2007-03-16,4.62907,
2007-03-17,.,No value available
2007-03-18,.,No value available
2007-03-19,4.61744,
2007-03-20,4.60840,
2007-03-21,4.62845,
2007-03-22,4.60816,
2007-03-23,4.64934,
2007-03-24,.,No value available
2007-03-25,.,No value available
2007-03-26,4.63505,
2007-03-27,4.64262,
2007-03-28,4.65477,
2007-03-29,4.61691,
2007-03-30,4.63255,
2007-03-31,.,No value available
2007-04-01,.,No value available
2007-04-02,4.66888,
2007-04-03,4.65459,
2007-04-04,4.64018,
2007-04-05,4.67013,
2007-04-06,.,No value available
2007-04-07,.,No value available
2007-04-08,.,No value available
2007-04-09,.,No value available
2007-04-10,4.66581,
2007-04-11,4.65228,
2007-04-12,4.66123,
2007-04-13,4.66374,
2007-04-14,.,No value available
2007-04-15,.,No value available
2007-04-16,4.63763,
2007-04-17,4.69927,
2007-04-18,4.71727,
2007-04-19,4.72840,
2007-04-20,4.73422,
2007-04-21,.,No value available
2007-04-22,.,No value available
2007-04-23,4.71359,
2007-04-24,4.70130,
2007-04-25,4.68436,
2007-04-26,4.66215,
2007-04-27,4.70683,
2007-04-28,.,No value available
2007-04-29,.,No value available
2007-04-30,4.75224,
2007-05-01,.,No value available
2007-05-02,4.75509,
2007-05-03,4.76706,
2007-05-04,4.70975,
2007-05-05,.,No value available
2007-05-06,.,No value available
2007-05-07,4.71729,
2007-05-08,4.71796,
2007-05-09,4.70282,
2007-05-10,4.69260,
2007-05-11,4.66854,
2007-05-12,.,No value available
2007-05-13,.,No value available
2007-05-14,4.71274,
2007-05-15,4.69663,
2007-05-16,4.68624,
2007-05-17,4.74099,
2007-05-18,4.74003,
2007-05-19,.,No value available
2007-05-20,.,No value available
2007-05-21,4.79786,
2007-05-22,4.78730,
2007-05-23,4.79812,
2007-05-24,4.76378,
2007-05-25,4.74659,
2007-05-26,.,No value available
2007-05-27,.,No value available
2007-05-28,.,No value available
2007-05-29,4.84499,
2007-05-30,4.82336,
2007-05-31,4.92795,
2007-06-01,4.95149,
2007-06-02,.,No value available
2007-06-03,.,No value available
2007-06-04,4.92732,
2007-06-05,4.94767,
2007-06-06,4.93862,
2007-06-07,4.98635,
2007-06-08,4.93558,
2007-06-09,.,No value available
2007-06-10,.,No value available
2007-06-11,4.95846,
2007-06-12,4.97074,
2007-06-13,5.01736,
2007-06-14,5.01487,
2007-06-15,5.01810,
2007-06-16,.,No value available
2007-06-17,.,No value available
2007-06-18,5.03010,
2007-06-19,5.05636,
2007-06-20,5.02903,
2007-06-21,5.03783,
2007-06-22,5.04990,
2007-06-23,.,No value available
2007-06-24,.,No value available
2007-06-25,5.04046,
2007-06-26,5.03206,
2007-06-27,5.01384,
2007-06-28,5.00543,
2007-06-29,4.99462,
2007-06-30,.,No value available
2007-07-01,.,No value available
2007-07-02,4.98866,
2007-07-03,4.99646,
2007-07-04,4.98024,
2007-07-05,5.00497,
2007-07-06,5.02900,
2007-07-07,.,No value available
2007-07-08,.,No value available
2007-07-09,5.04723,
2007-07-10,5.04095,
2007-07-11,4.99682,
2007-07-12,5.02295,
2007-07-13,5.02852,
2007-07-14,.,No value available
2007-07-15,.,No value available
2007-07-16,5.01484,
2007-07-17,5.00375,
2007-07-18,4.99575,
2007-07-19,4.99883,
2007-07-20,4.98308,
2007-07-21,.,No value available
2007-07-22,.,No value available
2007-07-23,5.03973,
2007-07-24,4.95967,
2007-07-25,4.96015,
2007-07-26,4.96756,
2007-07-27,4.95904,
2007-07-28,.,No value available
2007-07-29,.,No value available
2007-07-30,4.97349,
2007-07-31,4.98444,
2007-08-01,4.98501,
2007-08-02,4.94553,
2007-08-03,5.01355,
2007-08-04,.,No value available
2007-08-05,.,No value available
2007-08-06,4.95753,
2007-08-07,5.00808,
2007-08-08,4.96141,
2007-08-09,4.99403,
2007-08-10,5.07543,
2007-08-11,.,No value available
2007-08-12,.,No value available
2007-08-13,5.02676,
2007-08-14,4.93953,
2007-08-15,6.53207,
2007-08-16,6.27534,
2007-08-17,8.42125,
2007-08-18,.,No value available
2007-08-19,.,No value available
2007-08-20,4.93422,
2007-08-21,4.94358,
2007-08-22,4.92655,
2007-08-23,4.93404,
2007-08-24,4.89266,
2007-08-25,.,No value available
2007-08-26,.,No value available
2007-08-27,4.89707,
2007-08-28,8.42111,
2007-08-29,8.42110,
2007-08-30,8.42105,
2007-08-31,8.42104,
2007-09-01,.,No value available
2007-09-02,.,No value available
2007-09-03,8.42102,
2007-09-04,8.42101,
2007-09-05,8.42100,
2007-09-06,8.42096,
2007-09-07,8.42094,
2007-09-08,.,No value available
2007-09-09,.,No value available
2007-09-10,8.42093,
2007-09-11,8.42092,
2007-09-12,8.42091,
2007-09-13,8.42087,
2007-09-14,8.42086,
2007-09-15,.,No value available
2007-09-16,.,No value available
2007-09-17,8.49476,
2007-09-18,8.49475,
2007-09-19,4.90017,
2007-09-20,8.49472,
2007-09-21,8.49471,
2007-09-22,.,No value available
2007-09-23,.,No value available
2007-09-24,8.49470,
2007-09-25,4.96000,
2007-09-26,4.96858,
2007-09-27,4.98530,
2007-09-28,8.58887,
2007-09-29,.,No value available
2007-09-30,.,No value available
2007-10-01,8.58887,
2007-10-02,8.58886,
2007-10-03,8.58886,
2007-10-04,8.58885,
2007-10-05,8.58885,
2007-10-06,.,No value available
2007-10-07,.,No value available
2007-10-08,8.58885,
2007-10-09,8.58885,
2007-10-10,8.58885,
2007-10-11,8.58885,
2007-10-12,8.58885,
2007-10-13,.,No value available
2007-10-14,.,No value available
2007-10-15,8.58885,
2007-10-16,8.58885,
2007-10-17,8.57811,
2007-10-18,8.57811,
2007-10-19,8.57811,
2007-10-20,.,No value available
2007-10-21,.,No value available
2007-10-22,8.57811,
2007-10-23,8.48251,
2007-10-24,8.48251,
2007-10-25,8.48250,
2007-10-26,8.48249,
2007-10-27,.,No value available
2007-10-28,.,No value available
2007-10-29,8.48249,
2007-10-30,8.48700,
2007-10-31,8.48700,
2007-11-01,8.48699,
2007-11-02,8.48699,
2007-11-03,.,No value available
2007-11-04,.,No value available
2007-11-05,8.48699,
2007-11-06,8.48925,
2007-11-07,8.48924,
2007-11-08,8.48924,
2007-11-09,8.48924,
2007-11-10,.,No value available
2007-11-11,.,No value available
2007-11-12,8.48924,
2007-11-13,8.48924,
2007-11-14,8.48021,
2007-11-15,8.48021,
2007-11-16,8.48021,
2007-11-17,.,No value available
2007-11-18,.,No value available
2007-11-19,8.48021,
2007-11-20,8.48021,
2007-11-21,8.48247,
2007-11-22,8.48247,
2007-11-23,8.48247,
2007-11-24,.,No value available
2007-11-25,.,No value available
2007-11-26,8.48248,
2007-11-27,8.49680,
2007-11-28,8.49680,
2007-11-29,8.00791,
2007-11-30,8.00791,
2007-12-01,.,No value available
2007-12-02,.,No value available
2007-12-03,8.00792,
2007-12-04,8.00792,
2007-12-05,8.00793,
2007-12-06,6.46413,
2007-12-07,6.31795,
2007-12-08,.,No value available
2007-12-09,.,No value available
2007-12-10,8.00796,
2007-12-11,8.00796,
2007-12-12,8.00797,
2007-12-13,8.00799,
2007-12-14,8.00800,
2007-12-15,.,No value available
2007-12-16,.,No value available
2007-12-17,8.00801,
2007-12-18,8.00801,
2007-12-19,8.00802,
2007-12-20,8.00807,
2007-12-21,8.00808,
2007-12-22,.,No value available
2007-12-23,.,No value available
2007-12-24,.,No value available
2007-12-25,.,No value available
2007-12-26,.,No value available
2007-12-27,8.00812,
2007-12-28,8.78321,
2007-12-29,.,No value available
2007-12-30,.,No value available
2007-12-31,.,No value available
2008-01-01,.,No value available
2008-01-02,8.78326,
2008-01-03,8.78343,
2008-01-04,8.78349,
2008-01-05,.,No value available
2008-01-06,.,No value available
2008-01-07,8.78355,
2008-01-08,8.78361,
2008-01-09,8.78366,
2008-01-10,8.78384,
2008-01-11,8.78390,
2008-01-12,.,No value available
2008-01-13,.,No value available
2008-01-14,8.78396,
2008-01-15,8.78402,
2008-01-16,8.78408,
2008-01-17,8.78425,
2008-01-18,8.78431,
2008-01-19,.,No value available
2008-01-20,.,No value available
2008-01-21,8.78437,
2008-01-22,8.78443,
2008-01-23,8.78449,
2008-01-24,8.78468,
2008-01-25,8.78474,
2008-01-26,.,No value available
2008-01-27,.,No value available
2008-01-28,8.78480,
2008-01-29,8.78486,
2008-01-30,8.78492,
2008-01-31,8.78511,
2008-02-01,8.78517,
2008-02-02,.,No value available
2008-02-03,.,No value available
2008-02-04,8.78524,
2008-02-05,8.78530,
2008-02-06,8.78536,
2008-02-07,8.78555,
2008-02-08,8.78562,
2008-02-09,.,No value available
2008-02-10,.,No value available
2008-02-11,8.78568,
2008-02-12,8.78575,
2008-02-13,5.14062,
2008-02-14,5.17049,
2008-02-15,5.18213,
2008-02-16,.,No value available
2008-02-17,.,No value available
2008-02-18,5.13825,
2008-02-19,5.14395,
2008-02-20,5.18348,
2008-02-21,5.17897,
2008-02-22,5.13809,
2008-02-23,.,No value available
2008-02-24,.,No value available
2008-02-25,5.18411,
2008-02-26,5.16281,
2008-02-27,5.19731,
2008-02-28,5.16797,
2008-02-29,6.82897,
2008-03-01,.,No value available
2008-03-02,.,No value available
2008-03-03,7.76548,
2008-03-04,8.25924,
2008-03-05,8.03626,
2008-03-06,8.16519,
2008-03-07,5.21464,
2008-03-08,.,No value available
2008-03-09,.,No value available
2008-03-10,5.69204,
2008-03-11,5.71712,
2008-03-12,5.83221,
2008-03-13,6.01983,
2008-03-14,5.99594,
2008-03-15,.,No value available
2008-03-16,.,No value available
2008-03-17,6.04097,
2008-03-18,6.43500,
2008-03-19,6.15873,
2008-03-20,6.39027,
2008-03-21,.,No value available
2008-03-22,.,No value available
2008-03-23,.,No value available
2008-03-24,.,No value available
2008-03-25,7.03407,
2008-03-26,8.78870,
2008-03-27,8.78892,
2008-03-28,8.78899,
2008-03-29,.,No value available
2008-03-30,.,No value available
2008-03-31,8.78907,
2008-04-01,8.78914,
2008-04-02,8.78921,
2008-04-03,8.78944,
2008-04-04,7.17029,
2008-04-05,.,No value available
2008-04-06,.,No value available
2008-04-07,7.41028,
2008-04-08,8.78966,
2008-04-09,8.38898,
2008-04-10,6.51572,
2008-04-11,6.78422,
2008-04-12,.,No value available
2008-04-13,.,No value available
2008-04-14,6.51538,
2008-04-15,6.50263,
2008-04-16,6.27551,
2008-04-17,5.69751,
2008-04-18,8.79058,
2008-04-19,.,No value available
2008-04-20,.,No value available
2008-04-21,8.79066,
2008-04-22,8.79068,
2008-04-23,8.79069,
2008-04-24,8.79073,
2008-04-25,8.79074,
2008-04-26,.,No value available
2008-04-27,.,No value available
2008-04-28,8.79076,
2008-04-29,8.79079,
2008-04-30,8.79083,
2008-05-01,.,No value available
2008-05-02,6.67429,
2008-05-03,.,No value available
2008-05-04,.,No value available
2008-05-05,6.18750,
2008-05-06,6.41617,
2008-05-07,6.80985,
2008-05-08,6.36132,
2008-05-09,6.85474,
2008-05-10,.,No value available
2008-05-11,.,No value available
2008-05-12,6.59253,
2008-05-13,6.74280,
2008-05-14,6.39109,
2008-05-15,6.15985,
2008-05-16,6.18782,
2008-05-17,.,No value available
2008-05-18,.,No value available
2008-05-19,6.28756,
2008-05-20,6.26485,
2008-05-21,5.76318,
2008-05-22,5.81850,
2008-05-23,6.01669,
2008-05-24,.,No value available
2008-05-25,.,No value available
2008-05-26,5.98921,
2008-05-27,5.82883,
2008-05-28,6.01050,
2008-05-29,6.04665,
2008-05-30,5.99269,
2008-05-31,.,No value available
2008-06-01,.,No value available
2008-06-02,6.04359,
2008-06-03,6.01678,
2008-06-04,6.05639,
2008-06-05,6.03625,
2008-06-06,5.72620,
2008-06-07,.,No value available
2008-06-08,.,No value available
2008-06-09,6.86831,
2008-06-10,7.02029,
2008-06-11,6.53030,
2008-06-12,6.32327,
2008-06-13,6.40573,
2008-06-14,.,No value available
2008-06-15,.,No value available
2008-06-16,6.46988,
2008-06-17,6.45639,
2008-06-18,6.37279,
2008-06-19,6.29830,
2008-06-20,6.49084,
2008-06-21,.,No value available
2008-06-22,.,No value available
2008-06-23,6.39907,
2008-06-24,5.91584,
2008-06-25,5.82240,
2008-06-26,5.68796,
2008-06-27,5.51933,
2008-06-28,.,No value available
2008-06-29,.,No value available
2008-06-30,5.58909,
2008-07-01,5.82522,
2008-07-02,5.77896,
2008-07-03,6.14083,
2008-07-04,5.51612,
2008-07-05,.,No value available
2008-07-06,.,No value available
2008-07-07,5.48325,
2008-07-08,8.79224,
2008-07-09,8.79227,
2008-07-10,8.79235,
2008-07-11,8.79238,
2008-07-12,.,No value available
2008-07-13,.,No value available
2008-07-14,8.79241,
2008-07-15,8.79244,
2008-07-16,8.79247,
2008-07-17,8.79256,
2008-07-18,8.79259,
2008-07-19,.,No value available
2008-07-20,.,No value available
2008-07-21,8.79262,
2008-07-22,8.79265,
2008-07-23,8.79268,
2008-07-24,5.01062,
2008-07-25,5.01363,
2008-07-26,.,No value available
2008-07-27,.,No value available
2008-07-28,5.07014,
2008-07-29,5.04391,
2008-07-30,8.03647,
2008-07-31,8.79299,
2008-08-01,8.79302,
2008-08-02,.,No value available
2008-08-03,.,No value available
2008-08-04,8.79305,
2008-08-05,8.79308,
2008-08-06,8.79312,
2008-08-07,8.79322,
2008-08-08,8.79325,
2008-08-09,.,No value available
2008-08-10,.,No value available
2008-08-11,8.79328,
2008-08-12,8.79332,
2008-08-13,5.31579,
2008-08-14,8.79346,
2008-08-15,8.79349,
2008-08-16,.,No value available
2008-08-17,.,No value available
2008-08-18,8.79353,
2008-08-19,8.79356,
2008-08-20,8.79360,
2008-08-21,8.79370,
2008-08-22,8.79374,
2008-08-23,.,No value available
2008-08-24,.,No value available
2008-08-25,8.79378,
2008-08-26,8.79381,
2008-08-27,8.79385,
2008-08-28,8.79396,
2008-08-29,8.79400,
2008-08-30,.,No value available
2008-08-31,.,No value available
2008-09-01,8.79404,
2008-09-02,8.79407,
2008-09-03,8.79411,
2008-09-04,8.79423,
2008-09-05,8.79427,
2008-09-06,.,No value available
2008-09-07,.,No value available
2008-09-08,8.79431,
2008-09-09,8.79434,
2008-09-10,8.79438,
2008-09-11,8.79450,
2008-09-12,8.79454,
2008-09-13,.,No value available
2008-09-14,.,No value available
2008-09-15,8.79458,
2008-09-16,7.97769,
2008-09-17,7.74714,
2008-09-18,4.92882,
2008-09-19,4.98707,
2008-09-20,.,No value available
2008-09-21,.,No value available
2008-09-22,5.03052,
2008-09-23,5.04203,
2008-09-24,5.05252,
2008-09-25,5.01953,
2008-09-26,4.98952,
2008-09-27,.,No value available
2008-09-28,.,No value available
2008-09-29,4.97041,
2008-09-30,4.94744,
2008-10-01,4.95943,
2008-10-02,4.97490,
2008-10-03,4.97238,
2008-10-04,.,No value available
2008-10-05,.,No value available
2008-10-06,4.93005,
2008-10-07,4.90591,
2008-10-08,4.84551,
2008-10-09,4.95523,
2008-10-10,5.07011,
2008-10-11,.,No value available
2008-10-12,.,No value available
2008-10-13,5.16236,
2008-10-14,5.14146,
2008-10-15,5.17865,
2008-10-16,5.15207,
2008-10-17,5.16967,
2008-10-18,.,No value available
2008-10-19,.,No value available
2008-10-20,5.09808,
2008-10-21,5.06418,
2008-10-22,5.02912,
2008-10-23,4.95870,
2008-10-24,4.82587,
2008-10-25,.,No value available
2008-10-26,.,No value available
2008-10-27,4.82103,
2008-10-28,4.91181,
2008-10-29,4.91476,
2008-10-30,4.94722,
2008-10-31,4.99149,
2008-11-01,.,No value available
2008-11-02,.,No value available
2008-11-03,5.04505,
2008-11-04,5.07040,
2008-11-05,5.06351,
2008-11-06,5.06892,
2008-11-07,5.07490,
2008-11-08,.,No value available
2008-11-09,.,No value available
2008-11-10,5.01412,
2008-11-11,4.93295,
2008-11-12,4.96581,
2008-11-13,5.00184,
2008-11-14,5.11807,
2008-11-15,.,No value available
2008-11-16,.,No value available
2008-11-17,5.12744,
2008-11-18,5.10849,
2008-11-19,5.14888,
2008-11-20,5.10054,
2008-11-21,5.03229,
2008-11-22,.,No value available
2008-11-23,.,No value available
2008-11-24,5.04631,
2008-11-25,5.10239,
2008-11-26,5.09283,
2008-11-27,5.05290,
2008-11-28,5.05924,
2008-11-29,.,No value available
2008-11-30,.,No value available
2008-12-01,5.05174,
2008-12-02,5.00802,
2008-12-03,4.89177,
2008-12-04,4.43841,
2008-12-05,4.37991,
2008-12-06,.,No value available
2008-12-07,.,No value available
2008-12-08,8.79866,
2008-12-09,8.79872,
2008-12-10,8.79877,
2008-12-11,8.79894,
2008-12-12,8.79900,
2008-12-13,.,No value available
2008-12-14,.,No value available
2008-12-15,8.79906,
2008-12-16,8.79912,
2008-12-17,8.79918,
2008-12-18,8.79935,
2008-12-19,8.79941,
2008-12-20,.,No value available
2008-12-21,.,No value available
2008-12-22,8.79977,
2008-12-23,8.79983,
2008-12-24,.,No value available
2008-12-25,.,No value available
2008-12-26,.,No value available
2008-12-27,.,No value available
2008-12-28,.,No value available
2008-12-29,8.80001,
2008-12-30,8.17344,
2008-12-31,.,No value available
2009-01-01,.,No value available
2009-01-02,8.17346,
2009-01-03,.,No value available
2009-01-04,.,No value available
2009-01-05,7.24551,
2009-01-06,7.16864,
2009-01-07,5.81528,
2009-01-08,5.64110,
2009-01-09,5.68867,
2009-01-10,.,No value available
2009-01-11,.,No value available
2009-01-12,6.27186,
2009-01-13,6.10085,
2009-01-14,5.01211,
2009-01-15,5.39672,
2009-01-16,5.46033,
2009-01-17,.,No value available
2009-01-18,.,No value available
2009-01-19,6.12181,
2009-01-20,5.97971,
2009-01-21,6.00858,
2009-01-22,8.17391,
2009-01-23,6.54086,
2009-01-24,.,No value available
2009-01-25,.,No value available
2009-01-26,6.37087,
2009-01-27,5.72275,
2009-01-28,5.75125,
2009-01-29,5.71423,
2009-01-30,5.30681,
2009-01-31,.,No value available
2009-02-01,.,No value available
2009-02-02,5.28327,
2009-02-03,5.33721,
2009-02-04,5.44442,
2009-02-05,5.42578,
2009-02-06,5.47648,
2009-02-07,.,No value available
2009-02-08,.,No value available
2009-02-09,5.41262,
2009-02-10,5.46288,
2009-02-11,5.34094,
2009-02-12,5.33652,
2009-02-13,5.32162,
2009-02-14,.,No value available
2009-02-15,.,No value available
2009-02-16,5.35676,
2009-02-17,5.34099,
2009-02-18,5.30867,
2009-02-19,5.34396,
2009-02-20,5.47676,
2009-02-21,.,No value available
2009-02-22,.,No value available
2009-02-23,6.09686,
2009-02-24,5.74640,
2009-02-25,5.93256,
2009-02-26,5.31966,
2009-02-27,5.17926,
2009-02-28,.,No value available
2009-03-01,.,No value available
2009-03-02,6.18333,
2009-03-03,5.93576,
2009-03-04,6.62532,
2009-03-05,6.61136,
2009-03-06,7.44346,
2009-03-07,.,No value available
2009-03-08,.,No value available
2009-03-09,7.44347,
2009-03-10,7.44347,
2009-03-11,6.27171,
2009-03-12,7.43958,
2009-03-13,7.43959,
2009-03-14,.,No value available
2009-03-15,.,No value available
2009-03-16,7.65122,
2009-03-17,7.65123,
2009-03-18,7.70930,
2009-03-19,7.70936,
2009-03-20,7.70938,
2009-03-21,.,No value available
2009-03-22,.,No value available
2009-03-23,5.39495,
2009-03-24,5.40568,
2009-03-25,5.40018,
2009-03-26,7.77754,
2009-03-27,6.63585,
2009-03-28,.,No value available
2009-03-29,.,No value available
2009-03-30,7.77759,
2009-03-31,7.77761,
2009-04-01,7.77763,
2009-04-02,7.80609,
2009-04-03,5.53323,
2009-04-04,.,No value available
2009-04-05,.,No value available
2009-04-06,5.47660,
2009-04-07,5.44507,
2009-04-08,5.54989,
2009-04-09,5.60482,
2009-04-10,.,No value available
2009-04-11,.,No value available
2009-04-12,.,No value available
2009-04-13,.,No value available
2009-04-14,5.58355,
2009-04-15,5.64249,
2009-04-16,5.52011,
2009-04-17,5.45717,
2009-04-18,.,No value available
2009-04-19,.,No value available
2009-04-20,5.50951,
2009-04-21,5.51683,
2009-04-22,5.53950,
2009-04-23,7.93167,
2009-04-24,7.89229,
2009-04-25,.,No value available
2009-04-26,.,No value available
2009-04-27,7.89232,
2009-04-28,7.89235,
2009-04-29,7.58473,
2009-04-30,7.89251,
2009-05-01,.,No value available
2009-05-02,.,No value available
2009-05-03,.,No value available
2009-05-04,5.35025,
2009-05-05,5.39790,
2009-05-06,5.35084,
2009-05-07,5.48088,
2009-05-08,5.49393,
2009-05-09,.,No value available
2009-05-10,.,No value available
2009-05-11,5.55831,
2009-05-12,5.54899,
2009-05-13,5.50806,
2009-05-14,5.38800,
2009-05-15,5.37991,
2009-05-16,.,No value available
2009-05-17,.,No value available
2009-05-18,5.38733,
2009-05-19,5.40088,
2009-05-20,5.48364,
2009-05-21,5.45775,
2009-05-22,5.48213,
2009-05-23,.,No value available
2009-05-24,.,No value available
2009-05-25,5.55848,
2009-05-26,5.51427,
2009-05-27,5.55883,
2009-05-28,5.57736,
2009-05-29,5.59146,
2009-05-30,.,No value available
2009-05-31,.,No value available
2009-06-01,5.70708,
2009-06-02,5.68949,
2009-06-03,5.73171,
2009-06-04,5.73546,
2009-06-05,5.67637,
2009-06-06,.,No value available
2009-06-07,.,No value available
2009-06-08,5.58047,
2009-06-09,5.52136,
2009-06-10,5.49227,
2009-06-11,5.53772,
2009-06-12,5.48150,
2009-06-13,.,No value available
2009-06-14,.,No value available
2009-06-15,5.45649,
2009-06-16,5.42524,
2009-06-17,5.40695,
2009-06-18,5.39463,
2009-06-19,5.47734,
2009-06-20,.,No value available
2009-06-21,.,No value available
2009-06-22,5.44359,
2009-06-23,5.41596,
2009-06-24,5.38045,
2009-06-25,5.44079,
2009-06-26,5.39419,
2009-06-27,.,No value available
2009-06-28,.,No value available
2009-06-29,5.37257,
2009-06-30,5.35221,
2009-07-01,5.28845,
2009-07-02,5.29939,
2009-07-03,5.32120,
2009-07-04,.,No value available
2009-07-05,.,No value available
2009-07-06,5.29904,
2009-07-07,5.31054,
2009-07-08,5.30726,
2009-07-09,5.29958,
2009-07-10,5.27846,
2009-07-11,.,No value available
2009-07-12,.,No value available
2009-07-13,5.23466,
2009-07-14,5.29119,
2009-07-15,5.30131,
2009-07-16,5.35521,
2009-07-17,5.28027,
2009-07-18,.,No value available
2009-07-19,.,No value available
2009-07-20,5.31775,
2009-07-21,5.32921,
2009-07-22,5.33761,
2009-07-23,5.33959,
2009-07-24,5.39658,
2009-07-25,.,No value available
2009-07-26,.,No value available
2009-07-27,5.49327,
2009-07-28,5.49191,
2009-07-29,5.42594,
2009-07-30,5.46432,
2009-07-31,5.35849,
2009-08-01,.,No value available
2009-08-02,.,No value available
2009-08-03,5.30148,
2009-08-04,5.19924,
2009-08-05,5.18885,
2009-08-06,5.21918,
2009-08-07,8.21707,
2009-08-08,.,No value available
2009-08-09,.,No value available
2009-08-10,8.21712,
2009-08-11,8.21718,
2009-08-12,7.89692,
2009-08-13,8.05313,
2009-08-14,8.21747,
2009-08-15,.,No value available
2009-08-16,.,No value available
2009-08-17,8.21753,
2009-08-18,8.21759,
2009-08-19,8.21765,
2009-08-20,8.21783,
2009-08-21,8.21789,
2009-08-22,.,No value available
2009-08-23,.,No value available
2009-08-24,8.21795,
2009-08-25,8.21801,
2009-08-26,7.96911,
2009-08-27,7.96926,
2009-08-28,7.96931,
2009-08-29,.,No value available
2009-08-30,.,No value available
2009-08-31,7.95305,
2009-09-01,7.95309,
2009-09-02,7.95314,
2009-09-03,7.95329,
2009-09-04,7.95334,
2009-09-05,.,No value available
2009-09-06,.,No value available
2009-09-07,7.95339,
2009-09-08,8.01832,
2009-09-09,8.07356,
2009-09-10,8.07372,
2009-09-11,8.07378,
2009-09-12,.,No value available
2009-09-13,.,No value available
2009-09-14,8.07383,
2009-09-15,8.07389,
2009-09-16,8.07395,
2009-09-17,8.07411,
2009-09-18,8.09706,
2009-09-19,.,No value available
2009-09-20,.,No value available
2009-09-21,8.03407,
2009-09-22,8.09718,
2009-09-23,8.09724,
2009-09-24,8.09741,
2009-09-25,8.09211,
2009-09-26,.,No value available
2009-09-27,.,No value available
2009-09-28,8.09217,
2009-09-29,8.09223,
2009-09-30,8.02175,
2009-10-01,8.04531,
2009-10-02,8.04537,
2009-10-03,.,No value available
2009-10-04,.,No value available
2009-10-05,8.04542,
2009-10-06,8.04548,
2009-10-07,8.04554,
2009-10-08,8.04571,
2009-10-09,8.04577,
2009-10-10,.,No value available
2009-10-11,.,No value available
2009-10-12,8.04582,
2009-10-13,8.04588,
2009-10-14,8.04594,
2009-10-15,8.01594,
2009-10-16,7.26453,
2009-10-17,.,No value available
2009-10-18,.,No value available
2009-10-19,8.01605,
2009-10-20,8.01611,
2009-10-21,8.01616,
2009-10-22,8.01634,
2009-10-23,7.84462,
2009-10-24,.,No value available
2009-10-25,.,No value available
2009-10-26,7.63358,
2009-10-27,8.16568,
2009-10-28,8.16575,
2009-10-29,8.16595,
2009-10-30,8.12959,
2009-10-31,.,No value available
2009-11-01,.,No value available
2009-11-02,8.12965,
2009-11-03,8.12972,
2009-11-04,8.12978,
2009-11-05,8.12998,
2009-11-06,8.12310,
2009-11-07,.,No value available
2009-11-08,.,No value available
2009-11-09,8.12317,
2009-11-10,8.12323,
2009-11-11,8.12330,
2009-11-12,8.12349,
2009-11-13,8.12356,
2009-11-14,.,No value available
2009-11-15,.,No value available
2009-11-16,8.12362,
2009-11-17,8.05329,
2009-11-18,8.05336,
2009-11-19,5.02687,
2009-11-20,5.02457,
2009-11-21,.,No value available
2009-11-22,.,No value available
2009-11-23,8.05367,
2009-11-24,8.05374,
2009-11-25,8.05380,
2009-11-26,8.05399,
2009-11-27,8.05405,
2009-11-28,.,No value available
2009-11-29,.,No value available
2009-11-30,8.05412,
2009-12-01,8.05418,
2009-12-02,8.05425,
2009-12-03,8.05444,
2009-12-04,8.05451,
2009-12-05,.,No value available
2009-12-06,.,No value available
2009-12-07,8.05457,
2009-12-08,8.05464,
2009-12-09,8.05470,
2009-12-10,8.05490,
2009-12-11,8.05496,
2009-12-12,.,No value available
2009-12-13,.,No value available
2009-12-14,8.05503,
2009-12-15,7.61997,
2009-12-16,7.01950,
2009-12-17,6.96965,
2009-12-18,6.99352,
2009-12-19,.,No value available
2009-12-20,.,No value available
2009-12-21,6.99210,
2009-12-22,6.71778,
2009-12-23,6.77705,
2009-12-24,.,No value available
2009-12-25,.,No value available
2009-12-26,.,No value available
2009-12-27,.,No value available
2009-12-28,6.75896,
2009-12-29,6.45146,
2009-12-30,6.49414,
2009-12-31,.,No value available
2010-01-01,.,No value available
2010-01-02,.,No value available
2010-01-03,.,No value available
2010-01-04,6.37122,
2010-01-05,6.47616,
2010-01-06,6.45503,
2010-01-07,6.54597,
2010-01-08,6.56805,
2010-01-09,.,No value available
2010-01-10,.,No value available
2010-01-11,6.65355,
2010-01-12,6.79909,
2010-01-13,7.02835,
2010-01-14,6.87323,
2010-01-15,7.03502,
2010-01-16,.,No value available
2010-01-17,.,No value available
2010-01-18,7.03948,
2010-01-19,7.14418,
2010-01-20,7.18534,
2010-01-21,6.98756,
2010-01-22,6.99947,
2010-01-23,.,No value available
2010-01-24,.,No value available
2010-01-25,6.97002,
2010-01-26,6.84187,
2010-01-27,6.82412,
2010-01-28,6.71191,
2010-01-29,6.79834,
2010-01-30,.,No value available
2010-01-31,.,No value available
2010-02-01,6.81545,
2010-02-02,6.79357,
2010-02-03,6.58939,
2010-02-04,6.70207,
2010-02-05,5.62855,
2010-02-06,.,No value available
2010-02-07,.,No value available
2010-02-08,5.61439,
2010-02-09,5.68646,
2010-02-10,5.70262,
2010-02-11,5.74726,
2010-02-12,5.66549,
2010-02-13,.,No value available
2010-02-14,.,No value available
2010-02-15,5.69973,
2010-02-16,5.73893,
2010-02-17,5.68231,
2010-02-18,5.71730,
2010-02-19,5.70185,
2010-02-20,.,No value available
2010-02-21,.,No value available
2010-02-22,5.69940,
2010-02-23,5.68445,
2010-02-24,5.65515,
2010-02-25,5.65709,
2010-02-26,5.65062,
2010-02-27,.,No value available
2010-02-28,.,No value available
2010-03-01,5.70416,
2010-03-02,5.68713,
2010-03-03,5.74389,
2010-03-04,5.69965,
2010-03-05,5.73770,
2010-03-06,.,No value available
2010-03-07,.,No value available
2010-03-08,5.70892,
2010-03-09,5.71766,
2010-03-10,5.92559,
2010-03-11,5.80943,
2010-03-12,5.82868,
2010-03-13,.,No value available
2010-03-14,.,No value available
2010-03-15,5.89743,
2010-03-16,5.82897,
2010-03-17,6.29454,
2010-03-18,6.30441,
2010-03-19,6.38993,
2010-03-20,.,No value available
2010-03-21,.,No value available
2010-03-22,5.69986,
2010-03-23,5.75626,
2010-03-24,5.72983,
2010-03-25,5.68140,
2010-03-26,5.73822,
2010-03-27,.,No value available
2010-03-28,.,No value available
2010-03-29,5.78471,
2010-03-30,5.77022,
2010-03-31,5.69631,
2010-04-01,5.85972,
2010-04-02,.,No value available
2010-04-03,.,No value available
2010-04-04,.,No value available
2010-04-05,.,No value available
2010-04-06,5.78890,
2010-04-07,5.80057,
2010-04-08,5.78470,
2010-04-09,5.81817,
2010-04-10,.,No value available
2010-04-11,.,No value available
2010-04-12,5.89639,
2010-04-13,5.90120,
2010-04-14,5.96170,
2010-04-15,5.93629,
2010-04-16,5.87287,
2010-04-17,.,No value available
2010-04-18,.,No value available
2010-04-19,5.85280,
2010-04-20,6.88543,
2010-04-21,6.75922,
2010-04-22,6.80239,
2010-04-23,6.80699,
2010-04-24,.,No value available
2010-04-25,.,No value available
2010-04-26,5.78918,
2010-04-27,5.79111,
2010-04-28,6.07043,
2010-04-29,5.75494,
2010-04-30,5.73105,
2010-05-01,.,No value available
2010-05-02,.,No value available
2010-05-03,5.69253,
2010-05-04,5.80662,
2010-05-05,5.76170,
2010-05-06,5.65260,
2010-05-07,5.74582,
2010-05-08,.,No value available
2010-05-09,.,No value available
2010-05-10,5.73986,
2010-05-11,5.90666,
2010-05-12,6.03740,
2010-05-13,5.98408,
2010-05-14,6.05392,
2010-05-15,.,No value available
2010-05-16,.,No value available
2010-05-17,6.04607,
2010-05-18,6.07836,
2010-05-19,6.21091,
2010-05-20,6.10835,
2010-05-21,6.11605,
2010-05-22,.,No value available
2010-05-23,.,No value available
2010-05-24,6.15209,
2010-05-25,6.23133,
2010-05-26,6.50038,
2010-05-27,6.32194,
2010-05-28,6.27897,
2010-05-29,.,No value available
2010-05-30,.,No value available
2010-05-31,6.34114,
2010-06-01,6.45280,
2010-06-02,0.83049,
2010-06-03,6.19245,
2010-06-04,6.22848,
2010-06-05,.,No value available
2010-06-06,.,No value available
2010-06-07,6.31660,
2010-06-08,6.30694,
2010-06-09,6.28317,
2010-06-10,6.34015,
2010-06-11,6.11913,
2010-06-12,.,No value available
2010-06-13,.,No value available
2010-06-14,6.26849,
2010-06-15,6.34293,
2010-06-16,6.28391,
2010-06-17,6.29670,
2010-06-18,6.19510,
2010-06-19,.,No value available
2010-06-20,.,No value available
2010-06-21,6.32990,
2010-06-22,5.05748,
2010-06-23,6.53182,
2010-06-24,6.48115,
2010-06-25,6.44500,
2010-06-26,.,No value available
2010-06-27,.,No value available
2010-06-28,6.49012,
2010-06-29,6.74721,
2010-06-30,6.62814,
2010-07-01,6.84519,
2010-07-02,0.84518,
2010-07-03,.,No value available
2010-07-04,.,No value available
2010-07-05,0.84517,
2010-07-06,0.85976,
2010-07-07,0.85975,
2010-07-08,0.85972,
2010-07-09,0.85971,
2010-07-10,.,No value available
2010-07-11,.,No value available
2010-07-12,0.85970,
2010-07-13,0.79922,
2010-07-14,6.76776,
2010-07-15,6.79917,
2010-07-16,6.79915,
2010-07-17,.,No value available
2010-07-18,.,No value available
2010-07-19,6.79914,
2010-07-20,6.91206,
2010-07-21,6.91205,
2010-07-22,6.82560,
2010-07-23,6.79943,
2010-07-24,.,No value available
2010-07-25,.,No value available
2010-07-26,6.77913,
2010-07-27,0.91201,
2010-07-28,1.01338,
2010-07-29,1.01338,
2010-07-30,6.90177,
2010-07-31,.,No value available
2010-08-01,.,No value available
2010-08-02,6.97109,
2010-08-03,6.92954,
2010-08-04,6.88110,
2010-08-05,6.84249,
2010-08-06,6.74126,
2010-08-07,.,No value available
2010-08-08,.,No value available
2010-08-09,6.82569,
2010-08-10,6.96615,
2010-08-11,6.82146,
2010-08-12,1.93717,
2010-08-13,3.16061,
2010-08-14,.,No value available
2010-08-15,.,No value available
2010-08-16,4.25496,
2010-08-17,6.82139,
2010-08-18,6.82138,
2010-08-19,6.82135,
2010-08-20,6.82134,
2010-08-21,.,No value available
2010-08-22,.,No value available
2010-08-23,6.82133,
2010-08-24,6.82132,
2010-08-25,6.33624,
2010-08-26,6.33612,
2010-08-27,6.33609,
2010-08-28,.,No value available
2010-08-29,.,No value available
2010-08-30,6.33605,
2010-08-31,6.21287,
2010-09-01,6.21283,
2010-09-02,6.21269,
2010-09-03,6.28922,
2010-09-04,.,No value available
2010-09-05,.,No value available
2010-09-06,6.28918,
2010-09-07,6.36711,
2010-09-08,6.44647,
2010-09-09,6.45066,
2010-09-10,6.45063,
2010-09-11,.,No value available
2010-09-12,.,No value available
2010-09-13,6.45060,
2010-09-14,6.63247,
2010-09-15,6.63245,
2010-09-16,6.63239,
2010-09-17,6.63237,
2010-09-18,.,No value available
2010-09-19,.,No value available
2010-09-20,0.63235,
2010-09-21,0.68454,
2010-09-22,0.74026,
2010-09-23,0.68448,
2010-09-24,6.68446,
2010-09-25,.,No value available
2010-09-26,.,No value available
2010-09-27,6.59331,
2010-09-28,6.48185,
2010-09-29,6.48183,
2010-09-30,6.47312,
2010-10-01,6.47309,
2010-10-02,.,No value available
2010-10-03,.,No value available
2010-10-04,6.47307,
2010-10-05,6.42804,
2010-10-06,6.42801,
2010-10-07,6.42792,
2010-10-08,6.42789,
2010-10-09,.,No value available
2010-10-10,.,No value available
2010-10-11,6.42786,
2010-10-12,6.40709,
2010-10-13,6.40705,
2010-10-14,6.40696,
2010-10-15,6.40693,
2010-10-16,.,No value available
2010-10-17,.,No value available
2010-10-18,6.40690,
2010-10-19,6.59730,
2010-10-20,6.59728,
2010-10-21,6.59722,
2010-10-22,6.59720,
2010-10-23,.,No value available
2010-10-24,.,No value available
2010-10-25,6.59718,
2010-10-26,6.62499,
2010-10-27,6.62497,
2010-10-28,6.62492,
2010-10-29,6.63385,
2010-10-30,.,No value available
2010-10-31,.,No value available
2010-11-01,3.67769,
2010-11-02,3.30486,
2010-11-03,6.71686,
2010-11-04,5.97997,
2010-11-05,6.27243,
2010-11-06,.,No value available
2010-11-07,.,No value available
2010-11-08,6.51169,
2010-11-09,5.68635,
2010-11-10,4.69875,
2010-11-11,5.63663,
2010-11-12,5.88990,
2010-11-13,.,No value available
2010-11-14,.,No value available
2010-11-15,4.21354,
2010-11-16,4.31558,
2010-11-17,4.75181,
2010-11-18,6.58395,
2010-11-19,6.50024,
2010-11-20,.,No value available
2010-11-21,.,No value available
2010-11-22,6.49745,
2010-11-23,6.81191,
2010-11-24,6.81190,
2010-11-25,0.81189,
2010-11-26,0.81189,
2010-11-27,.,No value available
2010-11-28,.,No value available
2010-11-29,0.81188,
2010-11-30,6.26794,
2010-12-01,6.08832,
2010-12-02,5.87085,
2010-12-03,6.02127,
2010-12-04,.,No value available
2010-12-05,.,No value available
2010-12-06,5.95477,
2010-12-07,5.65418,
2010-12-08,5.39343,
2010-12-09,5.46003,
2010-12-10,5.53741,
2010-12-11,.,No value available
2010-12-12,.,No value available
2010-12-13,5.81147,
2010-12-14,5.87168,
2010-12-15,5.85022,
2010-12-16,5.86231,
2010-12-17,5.83368,
2010-12-18,.,No value available
2010-12-19,.,No value available
2010-12-20,5.83588,
2010-12-21,5.89909,
2010-12-22,5.88117,
2010-12-23,5.90731,
2010-12-24,.,No value available
2010-12-25,.,No value available
2010-12-26,.,No value available
2010-12-27,5.83260,
2010-12-28,5.93593,
2010-12-29,5.84187,
2010-12-30,5.92178,
2010-12-31,.,No value available
2011-01-01,.,No value available
2011-01-02,.,No value available
2011-01-03,5.92055,
2011-01-04,5.93847,
2011-01-05,6.02051,
2011-01-06,5.85486,
2011-01-07,5.92132,
2011-01-08,.,No value available
2011-01-09,.,No value available
2011-01-10,6.02425,
2011-01-11,6.10097,
2011-01-12,5.95954,
2011-01-13,5.84361,
2011-01-14,7.47280,
2011-01-15,.,No value available
2011-01-16,.,No value available
2011-01-17,7.12723,
2011-01-18,7.01752,
2011-01-19,6.83596,
2011-01-20,6.89151,
2011-01-21,7.14591,
2011-01-22,.,No value available
2011-01-23,.,No value available
2011-01-24,6.75006,
2011-01-25,6.70938,
2011-01-26,6.75413,
2011-01-27,6.86666,
2011-01-28,7.07888,
2011-01-29,.,No value available
2011-01-30,.,No value available
2011-01-31,7.27853,
2011-02-01,6.82796,
2011-02-02,6.97737,
2011-02-03,7.03646,
2011-02-04,6.57922,
2011-02-05,.,No value available
2011-02-06,.,No value available
2011-02-07,6.53090,
2011-02-08,6.47662,
2011-02-09,6.48100,
2011-02-10,1.33987,
2011-02-11,1.33990,
2011-02-12,.,No value available
2011-02-13,.,No value available
2011-02-14,1.33994,
2011-02-15,1.43811,
2011-02-16,1.43815,
2011-02-17,1.43827,
2011-02-18,1.43831,
2011-02-19,.,No value available
2011-02-20,.,No value available
2011-02-21,1.43835,
2011-02-22,1.29289,
2011-02-23,1.29292,
2011-02-24,1.29293,
2011-02-25,1.29293,
2011-02-26,.,No value available
2011-02-27,.,No value available
2011-02-28,1.27140,
2011-03-01,1.27141,
2011-03-02,1.27141,
2011-03-03,1.27141,
2011-03-04,1.39483,
2011-03-05,.,No value available
2011-03-06,.,No value available
2011-03-07,1.39484,
2011-03-08,1.39484,
2011-03-09,1.39485,
2011-03-10,1.95561,
2011-03-11,5.92518,
2011-03-12,.,No value available
2011-03-13,.,No value available
2011-03-14,5.64944,
2011-03-15,6.82896,
2011-03-16,6.66320,
2011-03-17,6.63914,
2011-03-18,6.69669,
2011-03-19,.,No value available
2011-03-20,.,No value available
2011-03-21,6.42807,
2011-03-22,6.56292,
2011-03-23,6.72896,
2011-03-24,6.43408,
2011-03-25,6.46558,
2011-03-26,.,No value available
2011-03-27,.,No value available
2011-03-28,6.27741,
2011-03-29,6.62748,
2011-03-30,6.71178,
2011-03-31,6.81277,
2011-04-01,6.76344,
2011-04-02,.,No value available
2011-04-03,.,No value available
2011-04-04,6.94272,
2011-04-05,6.89956,
2011-04-06,6.97475,
2011-04-07,6.49514,
2011-04-08,6.89179,
2011-04-09,.,No value available
2011-04-10,.,No value available
2011-04-11,6.52198,
2011-04-12,6.52220,
2011-04-13,6.42668,
2011-04-14,6.50854,
2011-04-15,6.56812,
2011-04-16,.,No value available
2011-04-17,.,No value available
2011-04-18,6.47611,
2011-04-19,7.03428,
2011-04-20,6.75126,
2011-04-21,6.83272,
2011-04-22,.,No value available
2011-04-23,.,No value available
2011-04-24,.,No value available
2011-04-25,.,No value available
2011-04-26,6.89903,
2011-04-27,7.18726,
2011-04-28,7.44418,
2011-04-29,7.23227,
2011-04-30,.,No value available
2011-05-01,.,No value available
2011-05-02,7.08678,
2011-05-03,7.34083,
2011-05-04,7.45011,
2011-05-05,7.81047,
2011-05-06,6.95164,
2011-05-07,.,No value available
2011-05-08,.,No value available
2011-05-09,7.29645,
2011-05-10,7.26403,
2011-05-11,6.99436,
2011-05-12,5.36263,
2011-05-13,5.35133,
2011-05-14,.,No value available
2011-05-15,.,No value available
2011-05-16,5.34900,
2011-05-17,5.41289,
2011-05-18,5.38166,
2011-05-19,5.37935,
2011-05-20,5.38256,
2011-05-21,.,No value available
2011-05-22,.,No value available
2011-05-23,5.51761,
2011-05-24,5.46395,
2011-05-25,5.47538,
2011-05-26,5.44822,
2011-05-27,5.68903,
2011-05-28,.,No value available
2011-05-29,.,No value available
2011-05-30,5.64496,
2011-05-31,5.58048,
2011-06-01,5.57962,
2011-06-02,5.63483,
2011-06-03,5.63434,
2011-06-04,.,No value available
2011-06-05,.,No value available
2011-06-06,5.60358,
2011-06-07,5.60572,
2011-06-08,5.61133,
2011-06-09,5.60607,
2011-06-10,5.82356,
2011-06-11,.,No value available
2011-06-12,.,No value available
2011-06-13,5.78878,
2011-06-14,5.79303,
2011-06-15,5.85052,
2011-06-16,5.90438,
2011-06-17,5.92072,
2011-06-18,.,No value available
2011-06-19,.,No value available
2011-06-20,6.02888,
2011-06-21,5.95915,
2011-06-22,6.03139,
2011-06-23,6.06105,
2011-06-24,6.12013,
2011-06-25,.,No value available
2011-06-26,.,No value available
2011-06-27,6.15727,
2011-06-28,6.08780,
2011-06-29,6.13986,
2011-06-30,6.02657,
2011-07-01,5.91100,
2011-07-02,.,No value available
2011-07-03,.,No value available
2011-07-04,5.94841,
2011-07-05,5.93731,
2011-07-06,5.97304,
2011-07-07,6.06791,
2011-07-08,6.03841,
2011-07-09,.,No value available
2011-07-10,.,No value available
2011-07-11,6.42772,
2011-07-12,6.69483,
2011-07-13,6.24978,
2011-07-14,6.20748,
2011-07-15,6.29474,
2011-07-16,.,No value available
2011-07-17,.,No value available
2011-07-18,6.32783,
2011-07-19,6.44326,
2011-07-20,6.53994,
2011-07-21,5.98966,
2011-07-22,5.92003,
2011-07-23,.,No value available
2011-07-24,.,No value available
2011-07-25,6.09642,
2011-07-26,6.24847,
2011-07-27,6.31197,
2011-07-28,6.47544,
2011-07-29,6.48652,
2011-07-30,.,No value available
2011-07-31,.,No value available
2011-08-01,6.44977,
2011-08-02,6.68382,
2011-08-03,6.63407,
2011-08-04,6.41646,
2011-08-05,6.53932,
2011-08-06,.,No value available
2011-08-07,.,No value available
2011-08-08,5.39430,
2011-08-09,5.63750,
2011-08-10,6.22509,
2011-08-11,6.36315,
2011-08-12,6.35359,
2011-08-13,.,No value available
2011-08-14,.,No value available
2011-08-15,6.22558,
2011-08-16,6.35670,
2011-08-17,6.45722,
2011-08-18,6.79264,
2011-08-19,7.11657,
2011-08-20,.,No value available
2011-08-21,.,No value available
2011-08-22,6.81696,
2011-08-23,6.73484,
2011-08-24,6.64959,
2011-08-25,6.53159,
2011-08-26,6.55227,
2011-08-27,.,No value available
2011-08-28,.,No value available
2011-08-29,6.64949,
2011-08-30,6.64947,
2011-08-31,6.73617,
2011-09-01,5.95429,
2011-09-02,6.82456,
2011-09-03,.,No value available
2011-09-04,.,No value available
2011-09-05,6.82455,
2011-09-06,6.82454,
2011-09-07,6.89476,
2011-09-08,6.89475,
2011-09-09,6.89474,
2011-09-10,.,No value available
2011-09-11,.,No value available
2011-09-12,6.89474,
2011-09-13,6.89473,
2011-09-14,6.64401,
2011-09-15,6.64395,
2011-09-16,6.64393,
2011-09-17,.,No value available
2011-09-18,.,No value available
2011-09-19,6.64391,
2011-09-20,6.64389,
2011-09-21,6.58810,
2011-09-22,6.58803,
2011-09-23,6.58801,
2011-09-24,.,No value available
2011-09-25,.,No value available
2011-09-26,6.58798,
2011-09-27,6.58796,
2011-09-28,6.58794,
2011-09-29,6.58787,
2011-09-30,6.65858,
2011-10-01,.,No value available
2011-10-02,.,No value available
2011-10-03,6.65857,
2011-10-04,6.65855,
2011-10-05,6.65853,
2011-10-06,6.62695,
2011-10-07,7.28358,
2011-10-08,.,No value available
2011-10-09,.,No value available
2011-10-10,7.28360,
2011-10-11,8.08716,
2011-10-12,8.08716,
2011-10-13,8.08718,
2011-10-14,8.08718,
2011-10-15,.,No value available
2011-10-16,.,No value available
2011-10-17,8.08719,
2011-10-18,8.08719,
2011-10-19,8.08720,
2011-10-20,8.08722,
2011-10-21,8.08722,
2011-10-22,.,No value available
2011-10-23,.,No value available
2011-10-24,8.08723,
2011-10-25,8.08724,
2011-10-26,8.08724,
2011-10-27,8.08726,
2011-10-28,8.08727,
2011-10-29,.,No value available
2011-10-30,.,No value available
2011-10-31,8.08728,
2011-11-01,8.08728,
2011-11-02,8.08729,
2011-11-03,8.08732,
2011-11-04,8.08732,
2011-11-05,.,No value available
2011-11-06,.,No value available
2011-11-07,8.08733,
2011-11-08,8.08734,
2011-11-09,8.08735,
2011-11-10,8.08738,
2011-11-11,8.08739,
2011-11-12,.,No value available
2011-11-13,.,No value available
2011-11-14,8.08739,
2011-11-15,8.08740,
2011-11-16,8.08741,
2011-11-17,8.08744,
2011-11-18,8.08745,
2011-11-19,.,No value available
2011-11-20,.,No value available
2011-11-21,8.08746,
2011-11-22,8.08748,
2011-11-23,8.08749,
2011-11-24,8.08752,
2011-11-25,8.08753,
2011-11-26,.,No value available
2011-11-27,.,No value available
2011-11-28,8.08754,
2011-11-29,8.08669,
2011-11-30,7.60772,
2011-12-01,8.07922,
2011-12-02,7.66871,
2011-12-03,.,No value available
2011-12-04,.,No value available
2011-12-05,7.92823,
2011-12-06,7.72370,
2011-12-07,7.70833,
2011-12-08,7.39258,
2011-12-09,8.08771,
2011-12-10,.,No value available
2011-12-11,.,No value available
2011-12-12,8.08772,
2011-12-13,8.08773,
2011-12-14,8.08775,
2011-12-15,8.08779,
2011-12-16,8.08781,
2011-12-17,.,No value available
2011-12-18,.,No value available
2011-12-19,8.08782,
2011-12-20,8.08783,
2011-12-21,8.08785,
2011-12-22,8.08791,
2011-12-23,8.08793,
2011-12-24,.,No value available
2011-12-25,.,No value available
2011-12-26,.,No value available
2011-12-27,8.08794,
2011-12-28,8.08796,
2011-12-29,8.08801,
2011-12-30,8.08803,
2011-12-31,.,No value available
2012-01-01,.,No value available
2012-01-02,8.08804,
2012-01-03,8.08806,
2012-01-04,8.08808,
2012-01-05,8.08813,
2012-01-06,8.08815,
2012-01-07,.,No value available
2012-01-08,.,No value available
2012-01-09,8.08817,
2012-01-10,8.08818,
2012-01-11,8.08820,
2012-01-12,8.08826,
2012-01-13,8.08828,
2012-01-14,.,No value available
2012-01-15,.,No value available
2012-01-16,8.08830,
2012-01-17,8.08831,
2012-01-18,8.08833,
2012-01-19,8.08839,
2012-01-20,8.08841,
2012-01-21,.,No value available
2012-01-22,.,No value available
2012-01-23,8.08843,
2012-01-24,8.08845,
2012-01-25,8.08847,
2012-01-26,8.08854,
2012-01-27,8.08856,
2012-01-28,.,No value available
2012-01-29,.,No value available
2012-01-30,8.08858,
2012-01-31,8.08860,
2012-02-01,8.08862,
2012-02-02,8.08869,
2012-02-03,8.08871,
2012-02-04,.,No value available
2012-02-05,.,No value available
2012-02-06,8.08873,
2012-02-07,8.08876,
2012-02-08,8.08878,
2012-02-09,8.08885,
2012-02-10,8.08887,
2012-02-11,.,No value available
2012-02-12,.,No value available
2012-02-13,8.08889,
2012-02-14,8.08892,
2012-02-15,8.08894,
2012-02-16,8.08901,
2012-02-17,8.08904,
2012-02-18,.,No value available
2012-02-19,.,No value available
2012-02-20,8.08906,
2012-02-21,8.08909,
2012-02-22,8.08911,
2012-02-23,8.08919,
2012-02-24,8.08921,
2012-02-25,.,No value available
2012-02-26,.,No value available
2012-02-27,8.08924,
2012-02-28,8.08926,
2012-02-29,8.08929,
2012-03-01,8.08937,
2012-03-02,8.08940,
2012-03-03,.,No value available
2012-03-04,.,No value available
2012-03-05,8.08942,
2012-03-06,8.08945,
2012-03-07,8.08948,
2012-03-08,8.08956,
2012-03-09,8.08959,
2012-03-10,.,No value available
2012-03-11,.,No value available
2012-03-12,8.08961,
2012-03-13,8.08964,
2012-03-14,8.08967,
2012-03-15,8.08976,
2012-03-16,8.08979,
2012-03-17,.,No value available
2012-03-18,.,No value available
2012-03-19,8.08981,
2012-03-20,8.08984,
2012-03-21,8.08987,
2012-03-22,8.08996,
2012-03-23,8.08999,
2012-03-24,.,No value available
2012-03-25,.,No value available
2012-03-26,8.09002,
2012-03-27,8.09005,
2012-03-28,8.09008,
2012-03-29,8.09018,
2012-03-30,8.09021,
2012-03-31,.,No value available
2012-04-01,.,No value available
2012-04-02,8.09024,
2012-04-03,8.09027,
2012-04-04,8.09043,
2012-04-05,8.09046,
2012-04-06,.,No value available
2012-04-07,.,No value available
2012-04-08,.,No value available
2012-04-09,.,No value available
2012-04-10,8.09049,
2012-04-11,8.09053,
2012-04-12,8.09063,
2012-04-13,8.09066,
2012-04-14,.,No value available
2012-04-15,.,No value available
2012-04-16,8.09069,
2012-04-17,8.09073,
2012-04-18,8.09076,
2012-04-19,8.09086,
2012-04-20,8.09084,
2012-04-21,.,No value available
2012-04-22,.,No value available
2012-04-23,8.09082,
2012-04-24,8.09080,
2012-04-25,8.09078,
2012-04-26,8.09072,
2012-04-27,8.09068,
2012-04-28,.,No value available
2012-04-29,.,No value available
2012-04-30,8.09066,
2012-05-01,.,No value available
2012-05-02,8.09064,
2012-05-03,8.09058,
2012-05-04,8.09056,
2012-05-05,.,No value available
2012-05-06,.,No value available
2012-05-07,8.09054,
2012-05-08,8.09053,
2012-05-09,8.00954,
2012-05-10,8.00947,
2012-05-11,8.00945,
2012-05-12,.,No value available
2012-05-13,.,No value available
2012-05-14,8.00942,
2012-05-15,8.00940,
2012-05-16,8.00938,
2012-05-17,8.00931,
2012-05-18,8.00928,
2012-05-19,.,No value available
2012-05-20,.,No value available
2012-05-21,8.00926,
2012-05-22,8.00924,
2012-05-23,8.00922,
2012-05-24,8.00915,
2012-05-25,8.00913,
2012-05-26,.,No value available
2012-05-27,.,No value available
2012-05-28,8.00911,
2012-05-29,8.00909,
2012-05-30,7.92907,
2012-05-31,7.92899,
2012-06-01,7.92896,
2012-06-02,.,No value available
2012-06-03,.,No value available
2012-06-04,7.92894,
2012-06-05,7.92891,
2012-06-06,7.92888,
2012-06-07,7.92881,
2012-06-08,7.92878,
2012-06-09,.,No value available
2012-06-10,.,No value available
2012-06-11,3.54378,
2012-06-12,3.48973,
2012-06-13,7.23793,
2012-06-14,7.92863,
2012-06-15,7.92860,
2012-06-16,.,No value available
2012-06-17,.,No value available
2012-06-18,7.92858,
2012-06-19,7.92855,
2012-06-20,7.92853,
2012-06-21,7.92846,
2012-06-22,7.92843,
2012-06-23,.,No value available
2012-06-24,.,No value available
2012-06-25,7.92841,
2012-06-26,7.92839,
2012-06-27,7.92836,
2012-06-28,7.92829,
2012-06-29,7.92827,
2012-06-30,.,No value available
2012-07-01,.,No value available
2012-07-02,7.92825,
2012-07-03,7.92823,
2012-07-04,7.92820,
2012-07-05,7.92814,
2012-07-06,7.92812,
2012-07-07,.,No value available
2012-07-08,.,No value available
2012-07-09,7.92809,
2012-07-10,7.92807,
2012-07-11,7.92805,
2012-07-12,4.12268,
2012-07-13,4.34308,
2012-07-14,.,No value available
2012-07-15,.,No value available
2012-07-16,4.29881,
2012-07-17,7.92792,
2012-07-18,7.92790,
2012-07-19,5.46234,
2012-07-20,5.46201,
2012-07-21,.,No value available
2012-07-22,.,No value available
2012-07-23,5.40024,
2012-07-24,5.45209,
2012-07-25,7.92776,
2012-07-26,5.16157,
2012-07-27,5.02441,
2012-07-28,.,No value available
2012-07-29,.,No value available
2012-07-30,7.92767,
2012-07-31,7.92765,
2012-08-01,7.92763,
2012-08-02,7.92758,
2012-08-03,7.92756,
2012-08-04,.,No value available
2012-08-05,.,No value available
2012-08-06,7.92754,
2012-08-07,5.52164,
2012-08-08,7.92751,
2012-08-09,8.08944,
2012-08-10,8.08943,
2012-08-11,.,No value available
2012-08-12,.,No value available
2012-08-13,8.08943,
2012-08-14,8.08943,
2012-08-15,8.08942,
2012-08-16,5.49990,
2012-08-17,5.59919,
2012-08-18,.,No value available
2012-08-19,.,No value available
2012-08-20,8.08941,
2012-08-21,5.56065,
2012-08-22,8.08940,
2012-08-23,8.08939,
2012-08-24,8.08939,
2012-08-25,.,No value available
2012-08-26,.,No value available
2012-08-27,1.39586,
2012-08-28,5.43035,
2012-08-29,2.06541,
2012-08-30,8.08938,
2012-08-31,8.08938,
2012-09-01,.,No value available
2012-09-02,.,No value available
2012-09-03,8.08938,
2012-09-04,8.08938,
2012-09-05,8.08938,
2012-09-06,5.15955,
2012-09-07,5.58887,
2012-09-08,.,No value available
2012-09-09,.,No value available
2012-09-10,8.00764,
2012-09-11,8.00763,
2012-09-12,4.89210,
2012-09-13,8.00761,
2012-09-14,5.10089,
2012-09-15,.,No value available
2012-09-16,.,No value available
2012-09-17,5.72714,
2012-09-18,4.59135,
2012-09-19,8.08939,
2012-09-20,8.08939,
2012-09-21,5.59678,
2012-09-22,.,No value available
2012-09-23,.,No value available
2012-09-24,8.08940,
2012-09-25,5.23532,
2012-09-26,8.08940,
2012-09-27,8.08941,
2012-09-28,5.49644,
2012-09-29,.,No value available
2012-09-30,.,No value available
2012-10-01,8.08942,
2012-10-02,8.08942,
2012-10-03,4.38161,
2012-10-04,8.08944,
2012-10-05,5.53491,
2012-10-06,.,No value available
2012-10-07,.,No value available
2012-10-08,7.14511,
2012-10-09,5.52474,
2012-10-10,5.52439,
2012-10-11,5.48243,
2012-10-12,8.08948,
2012-10-13,.,No value available
2012-10-14,.,No value available
2012-10-15,5.50372,
2012-10-16,5.55077,
2012-10-17,8.08949,
2012-10-18,8.08951,
2012-10-19,8.08952,
2012-10-20,.,No value available
2012-10-21,.,No value available
2012-10-22,8.08953,
2012-10-23,8.08953,
2012-10-24,8.08954,
2012-10-25,5.61075,
2012-10-26,5.58162,
2012-10-27,.,No value available
2012-10-28,.,No value available
2012-10-29,5.55261,
2012-10-30,8.08958,
2012-10-31,8.08959,
2012-11-01,8.08962,
2012-11-02,8.08963,
2012-11-03,.,No value available
2012-11-04,.,No value available
2012-11-05,8.08964,
2012-11-06,5.47075,
2012-11-07,5.49245,
2012-11-08,8.08968,
2012-11-09,5.43131,
2012-11-10,.,No value available
2012-11-11,.,No value available
2012-11-12,5.42156,
2012-11-13,5.41183,
2012-11-14,8.08972,
2012-11-15,8.08975,
2012-11-16,5.40689,
2012-11-17,.,No value available
2012-11-18,.,No value available
2012-11-19,5.41590,
2012-11-20,5.42492,
2012-11-21,5.45910,
2012-11-22,8.08983,
2012-11-23,8.08985,
2012-11-24,.,No value available
2012-11-25,.,No value available
2012-11-26,8.08986,
2012-11-27,8.08987,
2012-11-28,8.08988,
2012-11-29,8.08992,
2012-11-30,8.08994,
2012-12-01,.,No value available
2012-12-02,.,No value available
2012-12-03,8.08995,
2012-12-04,8.08996,
2012-12-05,8.08998,
2012-12-06,5.36836,
2012-12-07,5.34310,
2012-12-08,.,No value available
2012-12-09,.,No value available
2012-12-10,5.30866,
2012-12-11,5.25987,
2012-12-12,8.09008,
2012-12-13,4.51089,
2012-12-14,3.98025,
2012-12-15,.,No value available
2012-12-16,.,No value available
2012-12-17,8.09015,
2012-12-18,7.89501,
2012-12-19,7.89501,
2012-12-20,7.89500,
2012-12-21,7.89500,
2012-12-22,.,No value available
2012-12-23,.,No value available
2012-12-24,.,No value available
2012-12-25,.,No value available
2012-12-26,.,No value available
2012-12-27,7.16197,
2012-12-28,7.16190,
2012-12-29,.,No value available
2012-12-30,.,No value available
2012-12-31,.,No value available
2013-01-01,.,No value available
2013-01-02,7.16183,
2013-01-03,7.89501,
2013-01-04,7.89501,
2013-01-05,.,No value available
2013-01-06,.,No value available
2013-01-07,7.89501,
2013-01-08,7.89501,
2013-01-09,7.89501,
2013-01-10,7.16115,
2013-01-11,7.16108,
2013-01-12,.,No value available
2013-01-13,.,No value available
2013-01-14,7.16101,
2013-01-15,7.89503,
2013-01-16,7.89503,
2013-01-17,7.89504,
2013-01-18,7.89504,
2013-01-19,.,No value available
2013-01-20,.,No value available
2013-01-21,7.16054,
2013-01-22,7.16047,
2013-01-23,7.89505,
2013-01-24,7.89506,
2013-01-25,7.16014,
2013-01-26,.,No value available
2013-01-27,.,No value available
2013-01-28,7.16007,
2013-01-29,7.16001,
2013-01-30,7.89508,
2013-01-31,7.15974,
2013-02-01,7.15968,
2013-02-02,.,No value available
2013-02-03,.,No value available
2013-02-04,7.89511,
2013-02-05,7.89511,
2013-02-06,7.89512,
2013-02-07,7.15928,
2013-02-08,7.15922,
2013-02-09,.,No value available
2013-02-10,.,No value available
2013-02-11,7.89515,
2013-02-12,7.89516,
2013-02-13,7.89516,
2013-02-14,7.89518,
2013-02-15,7.89519,
2013-02-16,.,No value available
2013-02-17,.,No value available
2013-02-18,7.89520,
2013-02-19,7.89521,
2013-02-20,7.89522,
2013-02-21,7.15838,
2013-02-22,7.15832,
2013-02-23,.,No value available
2013-02-24,.,No value available
2013-02-25,7.15825,
2013-02-26,7.89527,
2013-02-27,7.89527,
2013-02-28,7.89530,
2013-03-01,7.96284,
2013-03-02,.,No value available
2013-03-03,.,No value available
2013-03-04,7.96367,
2013-03-05,7.96369,
2013-03-06,7.96370,
2013-03-07,7.96375,
2013-03-08,7.96377,
2013-03-09,.,No value available
2013-03-10,.,No value available
2013-03-11,7.96379,
2013-03-12,7.96380,
2013-03-13,7.96382,
2013-03-14,7.96387,
2013-03-15,7.96389,
2013-03-16,.,No value available
2013-03-17,.,No value available
2013-03-18,7.96391,
2013-03-19,7.96393,
2013-03-20,7.96395,
2013-03-21,7.96400,
2013-03-22,7.96402,
2013-03-23,.,No value available
2013-03-24,.,No value available
2013-03-25,7.96404,
2013-03-26,7.96406,
2013-03-27,7.96416,
2013-03-28,7.96418,
2013-03-29,.,No value available
2013-03-30,.,No value available
2013-03-31,.,No value available
2013-04-01,.,No value available
2013-04-02,7.96420,
2013-04-03,7.96422,
2013-04-04,7.96429,
2013-04-05,7.96431,
2013-04-06,.,No value available
2013-04-07,.,No value available
2013-04-08,7.96433,
2013-04-09,7.96435,
2013-04-10,7.96437,
2013-04-11,7.96444,
2013-04-12,7.96446,
2013-04-13,.,No value available
2013-04-14,.,No value available
2013-04-15,7.96448,
2013-04-16,8.00572,
2013-04-17,8.00906,
2013-04-18,8.00914,
2013-04-19,7.15472,
2013-04-20,.,No value available
2013-04-21,.,No value available
2013-04-22,7.15462,
2013-04-23,7.15452,
2013-04-24,7.15442,
2013-04-25,7.15412,
2013-04-26,7.15403,
2013-04-27,.,No value available
2013-04-28,.,No value available
2013-04-29,7.15383,
2013-04-30,7.15373,
2013-05-01,.,No value available
2013-05-02,7.15343,
2013-05-03,7.15334,
2013-05-04,.,No value available
2013-05-05,.,No value available
2013-05-06,7.15324,
2013-05-07,7.15314,
2013-05-08,7.15304,
2013-05-09,7.15275,
2013-05-10,7.15265,
2013-05-11,.,No value available
2013-05-12,.,No value available
2013-05-13,7.15255,
2013-05-14,7.15246,
2013-05-15,7.15236,
2013-05-16,7.15207,
2013-05-17,7.15197,
2013-05-18,.,No value available
2013-05-19,.,No value available
2013-05-20,7.15187,
2013-05-21,7.15178,
2013-05-22,7.15168,
2013-05-23,7.15139,
2013-05-24,7.15129,
2013-05-25,.,No value available
2013-05-26,.,No value available
2013-05-27,7.15120,
2013-05-28,7.15110,
2013-05-29,7.15101,
2013-05-30,7.15072,
2013-05-31,7.15062,
2013-06-01,.,No value available
2013-06-02,.,No value available
2013-06-03,7.15053,
2013-06-04,7.15043,
2013-06-05,7.15034,
2013-06-06,7.15005,
2013-06-07,7.14995,
2013-06-08,.,No value available
2013-06-09,.,No value available
2013-06-10,7.14986,
2013-06-11,7.14976,
2013-06-12,7.14967,
2013-06-13,7.14938,
2013-06-14,7.14929,
2013-06-15,.,No value available
2013-06-16,.,No value available
2013-06-17,7.14919,
2013-06-18,7.14910,
2013-06-19,7.14901,
2013-06-20,7.14872,
2013-06-21,7.14863,
2013-06-22,.,No value available
2013-06-23,.,No value available
2013-06-24,7.14853,
2013-06-25,7.14844,
2013-06-26,7.14835,
2013-06-27,7.14807,
2013-06-28,7.14797,
2013-06-29,.,No value available
2013-06-30,.,No value available
2013-07-01,7.14788,
2013-07-02,7.14779,
2013-07-03,7.14769,
2013-07-04,7.14741,
2013-07-05,7.14732,
2013-07-06,.,No value available
2013-07-07,.,No value available
2013-07-08,7.14723,
2013-07-09,7.14713,
2013-07-10,7.14704,
2013-07-11,7.14676,
2013-07-12,7.14667,
2013-07-13,.,No value available
2013-07-14,.,No value available
2013-07-15,7.14658,
2013-07-16,7.14649,
2013-07-17,7.14640,
2013-07-18,7.14612,
2013-07-19,7.14603,
2013-07-20,.,No value available
2013-07-21,.,No value available
2013-07-22,7.14594,
2013-07-23,7.14584,
2013-07-24,7.14575,
2013-07-25,7.14548,
2013-07-26,7.14539,
2013-07-27,.,No value available
2013-07-28,.,No value available
2013-07-29,7.14530,
2013-07-30,4.37577,
2013-07-31,4.00176,
2013-08-01,7.14484,
2013-08-02,7.14475,
2013-08-03,.,No value available
2013-08-04,.,No value available
2013-08-05,7.14466,
2013-08-06,7.14457,
2013-08-07,7.14448,
2013-08-08,7.14421,
2013-08-09,7.14412,
2013-08-10,.,No value available
2013-08-11,.,No value available
2013-08-12,7.14403,
2013-08-13,7.14394,
2013-08-14,7.14385,
2013-08-15,7.14358,
2013-08-16,7.14349,
2013-08-17,.,No value available
2013-08-18,.,No value available
2013-08-19,7.14340,
2013-08-20,7.14331,
2013-08-21,7.14322,
2013-08-22,7.14296,
2013-08-23,7.14287,
2013-08-24,.,No value available
2013-08-25,.,No value available
2013-08-26,7.14278,
2013-08-27,7.14269,
2013-08-28,7.14260,
2013-08-29,7.14234,
2013-08-30,7.14225,
2013-08-31,.,No value available
2013-09-01,.,No value available
2013-09-02,7.14216,
2013-09-03,7.14207,
2013-09-04,7.14199,
2013-09-05,7.14172,
2013-09-06,7.14163,
2013-09-07,.,No value available
2013-09-08,.,No value available
2013-09-09,7.14155,
2013-09-10,7.14146,
2013-09-11,7.14137,
2013-09-12,7.14111,
2013-09-13,7.14102,
2013-09-14,.,No value available
2013-09-15,.,No value available
2013-09-16,7.14094,
2013-09-17,7.14085,
2013-09-18,7.14076,
2013-09-19,7.14050,
2013-09-20,7.14042,
2013-09-21,.,No value available
2013-09-22,.,No value available
2013-09-23,7.14033,
2013-09-24,7.14024,
2013-09-25,7.14016,
2013-09-26,7.13990,
2013-09-27,7.13981,
2013-09-28,.,No value available
2013-09-29,.,No value available
2013-09-30,7.13973,
2013-10-01,7.13964,
2013-10-02,7.13956,
2013-10-03,7.13930,
2013-10-04,7.13921,
2013-10-05,.,No value available
2013-10-06,.,No value available
2013-10-07,7.13913,
2013-10-08,7.13904,
2013-10-09,7.13896,
2013-10-10,7.13870,
2013-10-11,5.68324,
2013-10-12,.,No value available
2013-10-13,.,No value available
2013-10-14,4.43909,
2013-10-15,4.39964,
2013-10-16,6.38406,
2013-10-17,5.54748,
2013-10-18,5.50319,
2013-10-19,.,No value available
2013-10-20,.,No value available
2013-10-21,6.41071,
2013-10-22,6.42720,
2013-10-23,6.49822,
2013-10-24,7.13753,
2013-10-25,5.33699,
2013-10-26,.,No value available
2013-10-27,.,No value available
2013-10-28,5.65563,
2013-10-29,6.48089,
2013-10-30,5.45400,
2013-10-31,5.57890,
2013-11-01,6.12644,
2013-11-02,.,No value available
2013-11-03,.,No value available
2013-11-04,4.63314,
2013-11-05,5.28686,
2013-11-06,5.38467,
2013-11-07,7.13637,
2013-11-08,7.13628,
2013-11-09,.,No value available
2013-11-10,.,No value available
2013-11-11,5.86709,
2013-11-12,5.80344,
2013-11-13,6.13377,
2013-11-14,6.28468,
2013-11-15,6.05984,
2013-11-16,.,No value available
2013-11-17,.,No value available
2013-11-18,6.07560,
2013-11-19,5.72729,
2013-11-20,5.51557,
2013-11-21,5.84786,
2013-11-22,5.88334,
2013-11-23,.,No value available
2013-11-24,.,No value available
2013-11-25,6.26889,
2013-11-26,6.26090,
2013-11-27,6.27418,
2013-11-28,5.73833,
2013-11-29,5.99016,
2013-11-30,.,No value available
2013-12-01,.,No value available
2013-12-02,6.07336,
2013-12-03,5.85622,
2013-12-04,5.87707,
2013-12-05,5.65076,
2013-12-06,5.78025,
2013-12-07,.,No value available
2013-12-08,.,No value available
2013-12-09,6.04951,
2013-12-10,6.12578,
2013-12-11,6.06930,
2013-12-12,6.27873,
2013-12-13,6.20417,
2013-12-14,.,No value available
2013-12-15,.,No value available
2013-12-16,6.08994,
2013-12-17,6.26839,
2013-12-18,6.18817,
2013-12-19,6.11301,
2013-12-20,6.54304,
2013-12-21,.,No value available
2013-12-22,.,No value available
2013-12-23,6.07924,
2013-12-24,.,No value available
2013-12-25,.,No value available
2013-12-26,.,No value available
2013-12-27,6.48040,
2013-12-28,.,No value available
2013-12-29,.,No value available
2013-12-30,6.17773,
2013-12-31,.,No value available
2014-01-01,.,No value available
2014-01-02,6.28744,
2014-01-03,6.35859,
2014-01-04,.,No value available
2014-01-05,.,No value available
2014-01-06,6.35903,
2014-01-07,6.33005,
2014-01-08,6.21110,
2014-01-09,5.79525,
2014-01-10,5.58654,
2014-01-11,.,No value available
2014-01-12,.,No value available
2014-01-13,5.58842,
2014-01-14,5.62680,
2014-01-15,5.60409,
2014-01-16,5.57365,
2014-01-17,7.02074,
2014-01-18,.,No value available
2014-01-19,.,No value available
2014-01-20,6.36650,
2014-01-21,6.73765,
2014-01-22,7.00669,
2014-01-23,6.39662,
2014-01-24,7.03006,
2014-01-25,.,No value available
2014-01-26,.,No value available
2014-01-27,7.15685,
2014-01-28,6.92239,
2014-01-29,7.14216,
2014-01-30,7.27885,
2014-01-31,7.27879,
2014-02-01,.,No value available
2014-02-02,.,No value available
2014-02-03,7.27873,
2014-02-04,7.27867,
2014-02-05,7.27861,
2014-02-06,7.27843,
2014-02-07,7.27837,
2014-02-08,.,No value available
2014-02-09,.,No value available
2014-02-10,7.27831,
2014-02-11,7.27825,
2014-02-12,7.27819,
2014-02-13,7.27802,
2014-02-14,7.27796,
2014-02-15,.,No value available
2014-02-16,.,No value available
2014-02-17,7.27790,
2014-02-18,7.27784,
2014-02-19,7.27779,
2014-02-20,7.27761,
2014-02-21,7.27755,
2014-02-22,.,No value available
2014-02-23,.,No value available
2014-02-24,7.27750,
2014-02-25,7.27744,
2014-02-26,7.27738,
2014-02-27,7.27721,
2014-02-28,5.19802,
2014-03-01,.,No value available
2014-03-02,.,No value available
2014-03-03,5.48092,
2014-03-04,5.38330,
2014-03-05,5.34018,
2014-03-06,5.36139,
2014-03-07,5.10053,
2014-03-08,.,No value available
2014-03-09,.,No value available
2014-03-10,5.49166,
2014-03-11,5.21262,
2014-03-12,5.23755,
2014-03-13,5.20665,
2014-03-14,5.26755,
2014-03-15,.,No value available
2014-03-16,.,No value available
2014-03-17,5.15777,
2014-03-18,5.10745,
2014-03-19,5.10760,
2014-03-20,5.09473,
2014-03-21,4.69809,
2014-03-22,.,No value available
2014-03-23,.,No value available
2014-03-24,4.74742,
2014-03-25,4.71950,
2014-03-26,5.07140,
2014-03-27,4.78824,
2014-03-28,5.10312,
2014-03-29,.,No value available
2014-03-30,.,No value available
2014-03-31,5.05151,
2014-04-01,4.69757,
2014-04-02,4.76393,
2014-04-03,4.74199,
2014-04-04,4.74201,
2014-04-05,.,No value available
2014-04-06,.,No value available
2014-04-07,5.09444,
2014-04-08,5.16947,
2014-04-09,5.04321,
2014-04-10,5.13816,
2014-04-11,5.15374,
2014-04-12,.,No value available
2014-04-13,.,No value available
2014-04-14,5.12245,
2014-04-15,5.12036,
2014-04-16,5.18027,
2014-04-17,4.77482,
2014-04-18,.,No value available
2014-04-19,.,No value available
2014-04-20,.,No value available
2014-04-21,.,No value available
2014-04-22,4.52266,
2014-04-23,4.51681,
2014-04-24,4.84633,
2014-04-25,4.84041,
2014-04-26,.,No value available
2014-04-27,.,No value available
2014-04-28,4.86665,
2014-04-29,4.85624,
2014-04-30,4.83866,
2014-05-01,.,No value available
2014-05-02,4.51791,
2014-05-03,.,No value available
2014-05-04,.,No value available
2014-05-05,4.57045,
2014-05-06,4.52917,
2014-05-07,4.55568,
2014-05-08,4.46709,
2014-05-09,4.54042,
2014-05-10,.,No value available
2014-05-11,.,No value available
2014-05-12,4.59712,
2014-05-13,4.59130,
2014-05-14,4.63455,
2014-05-15,4.56724,
2014-05-16,4.43272,
2014-05-17,.,No value available
2014-05-18,.,No value available
2014-05-19,4.50978,
2014-05-20,4.45262,
2014-05-21,4.45607,
2014-05-22,4.40476,
2014-05-23,4.35342,
2014-05-24,.,No value available
2014-05-25,.,No value available
2014-05-26,4.36142,
2014-05-27,4.35576,
2014-05-28,4.31598,
2014-05-29,4.60511,
2014-05-30,4.35595,
2014-05-31,.,No value available
2014-06-01,.,No value available
2014-06-02,3.68074,
2014-06-03,3.73604,
2014-06-04,3.67159,
2014-06-05,3.69442,
2014-06-06,3.70971,
2014-06-07,.,No value available
2014-06-08,.,No value available
2014-06-09,3.77436,
2014-06-10,3.88222,
2014-06-11,3.81311,
2014-06-12,3.61366,
2014-06-13,3.77117,
2014-06-14,.,No value available
2014-06-15,.,No value available
2014-06-16,3.75262,
2014-06-17,3.72455,
2014-06-18,3.75585,
2014-06-19,3.62903,
2014-06-20,3.56851,
2014-06-21,.,No value available
2014-06-22,.,No value available
2014-06-23,3.57512,
2014-06-24,3.55522,
2014-06-25,3.54900,
2014-06-26,3.61433,
2014-06-27,3.56291,
2014-06-28,.,No value available
2014-06-29,.,No value available
2014-06-30,3.60899,
2014-07-01,3.52825,
2014-07-02,3.55003,
2014-07-03,3.51567,
2014-07-04,3.51930,
2014-07-05,.,No value available
2014-07-06,.,No value available
2014-07-07,3.68085,
2014-07-08,3.59735,
2014-07-09,3.48994,
2014-07-10,3.47914,
2014-07-11,3.45546,
2014-07-12,.,No value available
2014-07-13,.,No value available
2014-07-14,3.43980,
2014-07-15,3.47361,
2014-07-16,3.41891,
2014-07-17,3.43726,
2014-07-18,3.36356,
2014-07-19,.,No value available
2014-07-20,.,No value available
2014-07-21,3.37589,
2014-07-22,3.47757,
2014-07-23,3.51183,
2014-07-24,3.59973,
2014-07-25,3.49156,
2014-07-26,.,No value available
2014-07-27,.,No value available
2014-07-28,3.30081,
2014-07-29,3.57811,
2014-07-30,3.55136,
2014-07-31,3.60450,
2014-08-01,3.63049,
2014-08-02,.,No value available
2014-08-03,.,No value available
2014-08-04,3.65821,
2014-08-05,3.62260,
2014-08-06,3.77369,
2014-08-07,3.72044,
2014-08-08,3.48556,
2014-08-09,.,No value available
2014-08-10,.,No value available
2014-08-11,3.56071,
2014-08-12,3.59313,
2014-08-13,3.63790,
2014-08-14,3.64654,
2014-08-15,3.70510,
2014-08-16,.,No value available
2014-08-17,.,No value available
2014-08-18,3.70035,
2014-08-19,3.63783,
2014-08-20,3.68596,
2014-08-21,3.67725,
2014-08-22,3.68994,
2014-08-23,.,No value available
2014-08-24,.,No value available
2014-08-25,3.83695,
2014-08-26,3.71815,
2014-08-27,3.74928,
2014-08-28,3.75916,
2014-08-29,3.43327,
2014-08-30,.,No value available
2014-08-31,.,No value available
2014-09-01,3.40896,
2014-09-02,3.33311,
2014-09-03,3.42740,
2014-09-04,3.39465,
2014-09-05,3.51027,
2014-09-06,.,No value available
2014-09-07,.,No value available
2014-09-08,3.38712,
2014-09-09,3.76093,
2014-09-10,3.77327,
2014-09-11,3.43175,
2014-09-12,3.43465,
2014-09-13,.,No value available
2014-09-14,.,No value available
2014-09-15,3.41310,
2014-09-16,3.49069,
2014-09-17,3.59168,
2014-09-18,3.67535,
2014-09-19,3.61758,
2014-09-20,.,No value available
2014-09-21,.,No value available
2014-09-22,3.68268,
2014-09-23,3.73954,
2014-09-24,3.74389,
2014-09-25,3.71236,
2014-09-26,3.78935,
2014-09-27,.,No value available
2014-09-28,.,No value available
2014-09-29,3.72862,
2014-09-30,3.64296,
2014-10-01,3.60820,
2014-10-02,3.76110,
2014-10-03,.,No value available
2014-10-04,.,No value available
2014-10-05,.,No value available
2014-10-06,3.74046,
2014-10-07,3.68669,
2014-10-08,3.74115,
2014-10-09,3.74310,
2014-10-10,3.70694,
2014-10-11,.,No value available
2014-10-12,.,No value available
2014-10-13,3.59814,
2014-10-14,3.81268,
2014-10-15,3.79011,
2014-10-16,3.80766,
2014-10-17,3.92974,
2014-10-18,.,No value available
2014-10-19,.,No value available
2014-10-20,3.71159,
2014-10-21,3.64449,
2014-10-22,3.73689,
2014-10-23,3.66834,
2014-10-24,3.80238,
2014-10-25,.,No value available
2014-10-26,.,No value available
2014-10-27,3.67853,
2014-10-28,3.64324,
2014-10-29,3.67763,
2014-10-30,3.66887,
2014-10-31,3.41304,
2014-11-01,.,No value available
2014-11-02,.,No value available
2014-11-03,3.48065,
2014-11-04,3.41752,
2014-11-05,3.62124,
2014-11-06,3.31064,
2014-11-07,3.03261,
2014-11-08,.,No value available
2014-11-09,.,No value available
2014-11-10,3.12650,
2014-11-11,3.17703,
2014-11-12,3.38533,
2014-11-13,3.37495,
2014-11-14,3.11819,
2014-11-15,.,No value available
2014-11-16,.,No value available
2014-11-17,3.36371,
2014-11-18,3.30329,
2014-11-19,0.20000,
2014-11-20,0.20000,
2014-11-21,0.20000,
2014-11-22,.,No value available
2014-11-23,.,No value available
2014-11-24,0.20000,
2014-11-25,3.51242,
2014-11-26,3.04713,
2014-11-27,3.40894,
2014-11-28,3.16911,
2014-11-29,.,No value available
2014-11-30,.,No value available
2014-12-01,2.84166,
2014-12-02,2.84224,
2014-12-03,3.12269,
2014-12-04,3.15414,
2014-12-05,3.18704,
2014-12-06,.,No value available
2014-12-07,.,No value available
2014-12-08,2.90742,
2014-12-09,2.93896,
2014-12-10,0.20000,
2014-12-11,3.02722,
2014-12-12,2.99275,
2014-12-13,.,No value available
2014-12-14,.,No value available
2014-12-15,2.94241,
2014-12-16,2.90506,
2014-12-17,0.63395,
2014-12-18,0.20000,
2014-12-19,2.63843,
2014-12-20,.,No value available
2014-12-21,.,No value available
2014-12-22,2.56817,
2014-12-23,3.09985,
2014-12-24,.,No value available
2014-12-25,.,No value available
2014-12-26,.,No value available
2014-12-27,.,No value available
2014-12-28,.,No value available
2014-12-29,3.14642,
2014-12-30,2.97642,
2014-12-31,.,No value available
2015-01-01,.,No value available
2015-01-02,3.03167,
2015-01-03,.,No value available
2015-01-04,.,No value available
2015-01-05,3.27735,
2015-01-06,3.19717,
2015-01-07,3.71708,
2015-01-08,2.81321,
2015-01-09,2.93300,
2015-01-10,.,No value available
2015-01-11,.,No value available
2015-01-12,2.78956,
2015-01-13,2.76324,
2015-01-14,2.78017,
2015-01-15,2.65630,
2015-01-16,2.68902,
2015-01-17,.,No value available
2015-01-18,.,No value available
2015-01-19,2.68555,
2015-01-20,2.58866,
2015-01-21,2.61372,
2015-01-22,2.50302,
2015-01-23,2.62977,
2015-01-24,.,No value available
2015-01-25,.,No value available
2015-01-26,2.56062,
2015-01-27,2.70766,
2015-01-28,2.69784,
2015-01-29,2.61558,
2015-01-30,2.83503,
2015-01-31,.,No value available
2015-02-01,.,No value available
2015-02-02,3.03802,
2015-02-03,2.81850,
2015-02-04,2.72694,
2015-02-05,2.86825,
2015-02-06,2.56344,
2015-02-07,.,No value available
2015-02-08,.,No value available
2015-02-09,2.39567,
2015-02-10,2.36435,
2015-02-11,2.33501,
2015-02-12,2.45373,
2015-02-13,2.40527,
2015-02-14,.,No value available
2015-02-15,.,No value available
2015-02-16,2.62108,
2015-02-17,2.68051,
2015-02-18,2.43319,
2015-02-19,2.51563,
2015-02-20,2.51414,
2015-02-21,.,No value available
2015-02-22,.,No value available
2015-02-23,2.52218,
2015-02-24,2.55907,
2015-02-25,2.60386,
2015-02-26,2.83907,
2015-02-27,2.42422,
